,City,Linear_Regression,Decision_tree,AdaBoost,GradientBoosting,MLP,RandomForest
0,tuensang,-34.07944647817931,2096.326249617186,8336.4375,2096.326249617186,306.4835915023422,2075.9
1,lakshmeshwar,2840.193510762805,2471.761207420612,11118.028571428571,2471.761207420612,895.2270291752229,2262.74
2,zira,1225.7352914665607,2628.2528430344296,11170.800925925925,2628.2528430344296,688.7107508097607,2886.85
3,yawal,8014.684971732957,4593.677041801591,13833.333333333334,4593.677041801591,3362.858305756603,2229.43
4,thanabhawan,4410.051278128169,2305.6058629848876,6773.885057471264,2305.6058629848876,2446.803347916575,2486.03
5,ramdurg,3165.205573383253,2581.2288110496584,7816.305785123967,2581.2288110496584,881.085894877684,2434.54
6,pulgaon,6010.154219307746,2427.79609380527,12615.166666666666,2427.79609380527,3361.8998460808402,2254.08
7,sadasivpet,-847.2700840653251,2485.149029442562,6223.378571428571,2485.149029442562,699.5532968765086,2573.07
8,nargund,1174.7909775382814,2340.602205183718,11114.544715447155,2340.602205183718,886.5532462499573,2047.94
9,neemkathana,2065.2699497597387,2385.0471729648,8687.479166666666,2385.0471729648,1277.599897295982,2236.78
10,memari,3289.4797436316185,2473.876647101663,8336.4375,2473.876647101663,1287.380433446208,2102.27
11,nilanga,5514.303212874147,2397.870468556075,10593.2,2397.8704685560747,3360.1914191926203,2086.87
12,naharlagun,3271.2819845482773,2358.106818862742,11170.800925925925,2358.106818862742,341.481789000965,2251.63
13,pakaur,2481.7323984962513,3116.945922807588,9024.275862068966,3116.945922807587,707.9878274412953,2655.94
14,wai,6107.85003018544,2245.2717233571893,15121.28431372549,2245.2717233571893,3359.482239604421,2040.19
15,tarikere,4249.832036447489,3110.6320401533035,11144.684210526315,3110.6320401533035,880.1165359824778,2683.19
16,malavalli,-11.057910875606467,2508.6005600112326,11118.028571428571,2508.600560011232,878.0984281305039,2366.43
17,raisen,114.90597900091234,2335.1145400332757,8719.064864864866,2335.1145400332757,795.7255494647422,2291.83
18,lahar,1648.8313308511515,2287.764396340909,8707.023121387283,2287.764396340909,807.0134394611598,2139.92
19,uravakonda,2213.263292190546,2504.3808804425844,7816.305785123967,2504.3808804425844,740.9292531332756,2493.8
20,savanur,391.03203308198863,2590.2956748564475,11115.719008264463,2590.295674856447,872.6943804801703,2535.43
21,sirohi,1463.626720602757,2468.8626383655355,7595.335877862595,2468.8626383655355,1272.8746905752255,2405.04
22,udhampur,1457.6513951554862,2581.122406475654,8719.064864864866,2581.1224064756534,1046.03239419,2609.46
23,umarga,8549.226373649064,2658.0679958160226,12037.857142857143,2658.0679958160226,3356.888875125763,2346.03
24,pratapgarh,1272.7007189074593,2253.888170727906,6223.378571428571,2253.888170727906,1272.0804768791597,1942.19
25,lingsugur,2125.810065959604,2574.80852382137,11114.544715447155,2574.80852382137,869.9041558513078,2595.74
26,usilampatti,6780.250699492724,3283.9861059907234,8687.479166666666,3283.986105990724,3572.9806424853987,3475.2
27,paliakalan,4745.977127160764,2368.299012481999,8687.479166666666,2368.2990124819985,2437.170720357648,2263.72
28,wokha,833.4041214507561,2105.898676425607,9908.011764705883,2105.898676425607,293.64103155746096,2117.92
29,rajpipla,1518.130619139829,2499.377833659157,7942.119402985075,2499.377833659157,735.8387897835646,2601.0
30,vijayapura,1557.3802979888242,2491.610242987435,11115.719008264463,2491.6102429874345,859.8029685882818,2229.68
31,rawatbhata,2523.2909573376655,2468.8626383655355,7595.335877862595,2468.8626383655355,1267.0972000086495,2378.77
32,sangaria,3359.455825779467,2415.0666068346422,5933.364583333333,2415.0666068346422,1407.479543243424,2061.5
33,paithan,6599.025109615188,2313.654190432631,11118.028571428571,2313.654190432631,3352.1111506558022,2090.07
34,rahuri,8700.186587467437,2658.0679958160226,12475.142857142857,2658.0679958160226,3351.9620573200446,2217.89
35,patti,1539.5723196516792,2504.3808804425844,11118.028571428571,2504.3808804425844,651.6932432770005,2531.84
36,zaidpur,3231.091658427842,2506.4598933461602,7595.335877862595,2506.4598933461602,2433.6462790899345,2643.61
37,lalsot,1853.8676555821112,2429.0754942150743,9924.242424242424,2429.075494215074,1264.8707696244712,2346.19
38,maihar,596.6480905369863,2220.9726366606365,8336.4375,2220.9726366606365,770.5683292908791,2179.43
39,degana,1183.1496283828965,2312.6982109949267,8336.4375,2312.6982109949267,1264.5019585587897,2108.59
40,vedaranyam,5890.551633907704,3269.594497442027,8248.74074074074,3269.5944974420277,3567.839847702836,2419.11
41,nawapur,7027.245269115949,2294.7463236080594,12573.90625,2294.7463236080594,3350.587856891253,2048.34
42,solan,2733.4125653172105,2415.408044509761,11118.028571428571,2415.408044509761,701.9816072618457,2310.82
43,vapi,838.3766752067113,2354.1536695117693,7816.305785123967,2354.1536695117693,733.0011342433477,2238.97
44,almora,1292.4594379757891,2504.3808804425844,11066.726114649682,2504.3808804425844,677.4123849956578,2465.96
45,sanawad,211.48170728429795,2152.590169585195,7942.119402985075,2152.590169585195,766.1363709062168,2074.11
46,warisaliganj,1846.11073758965,2508.6005600112326,7942.119402985075,2508.600560011232,937.78047237459,2194.52
47,revelganj,3468.4171169412984,2485.639245716612,8003.869158878505,2485.639245716612,926.840601142825,2266.88
48,sabalgarh,1445.0792425205727,2253.419425188061,7942.119402985075,2253.419425188061,764.2318851591593,2266.05
49,tuljapur,6537.454408709829,2427.79609380527,12388.862962962963,2427.79609380527,3349.615784661334,2251.76
50,simdega,2005.853332518367,3537.380955642627,10231.192810457516,3537.3809556426263,675.8528242174975,2255.46
51,musabani,2581.4118005896635,2581.5839944112313,7816.305785123967,2581.5839944112313,682.6836156077454,2609.03
52,kodungallur,3193.788696693673,2617.1141787198662,9024.275862068966,2617.1141787198662,943.2934623741356,3039.52
53,phulabani,2065.152530075995,4560.191780683001,11170.800925925925,4560.191780683001,947.7624213609972,2425.9
54,umreth,-500.49645219882404,2349.200080699624,8003.869158878505,2349.2000806996234,714.7077965893892,2217.66
55,narsipatnam,279.99696035664056,2222.5700009304137,9773.224,2222.5700009304137,707.9333997893062,2031.17
56,nautanwa,6074.527013311232,2419.2591589561434,11115.719008264463,2419.2591589561434,2429.683342742057,2086.55
57,rajgir,3675.001966127411,2510.1677956713456,8707.023121387283,2510.1677956713456,925.0682198056367,2124.55
58,yellandu,464.8841579949476,2395.776361752226,7595.335877862595,2395.776361752226,652.1606384056422,2212.48
59,sathyamangalam,5328.128883065538,3169.17364239313,4572.285714285715,3169.1736423931306,3564.878745540492,3422.07
60,pilibanga,2231.40784293861,2345.144999522351,7816.305785123967,2345.144999522351,1259.7793400387864,2245.37
61,morshi,7878.818116144288,2554.8411580994216,12388.862962962963,2554.8411580994216,3347.691716846407,2063.66
62,pehowa,-1163.9531916549495,2171.6292990636884,8754.683168316831,2171.6292990636884,627.7641421500823,2026.42
63,sonepur,2848.6660636937995,2330.122819853514,9924.242424242424,2371.229886033669,920.6292275609144,1843.23
64,pappinisseri,4069.0498329407274,2693.8557047529357,9024.275862068966,2693.8557047529353,942.4248124263428,2679.22
65,zamania,3594.4898308288575,2174.2509517581484,7816.305785123967,2174.2509517581484,2426.660834020015,2218.2
66,mihijam,4053.336694950538,2653.9049812627404,9244.103448275862,2653.9049812627404,662.717931666241,2626.85
67,purna,7187.952240413761,2313.654190432631,12425.20652173913,2313.654190432631,3345.7880575845334,2087.62
68,shikarpurbulandshahr,4005.385523490133,2297.968590601333,6635.432624113475,2297.968590601333,2426.3559593153727,2395.94
69,umaria,228.65812976938287,2162.162596393616,9113.429629629629,2162.162596393616,747.7408684376186,2081.1
70,porsa,109.19985893793273,2377.1370640312452,7942.119402985075,2377.1370640312452,747.4777467189695,2440.91
71,naugawansadat,4360.299818837133,2389.5756521342837,8719.064864864866,2389.5756521342837,2424.9719934556506,2591.44
72,faizabad,4406.432627325243,2405.554941000945,8336.4375,2405.5549410009444,2424.6966912522507,2120.95
73,manuguru,2628.801478504023,2686.888616038709,9120.556291390729,2686.8886160387087,647.5670235976576,2568.1
74,ellenabad,1112.4055043457338,2396.176193509739,7942.119402985075,2396.176193509739,615.8615935682759,2430.82
75,udaipur,2822.0798369416116,2395.776361752226,11170.800925925925,2395.776361752226,803.4614681787552,2146.66
76,piparcity,1218.8424347737146,2318.4732910351045,6773.885057471264,2318.473291035105,1253.944329197592,2408.8
77,nanjikottai,6500.203578296805,3502.86866098374,6223.378571428571,3502.8686609837405,3562.4100771086746,11247.85
78,taranagar,2986.5455041711066,2412.3590526815283,7942.119402985075,2412.3590526815283,1253.4162829433046,2309.6
79,yerraguntla,1494.3153694311295,2504.3808804425844,8754.683168316831,2504.3808804425844,686.4008741094422,2607.95
80,satana,6410.054788704701,2427.79609380527,11118.028571428571,2427.79609380527,3342.5320180261915,2245.15
81,sherghati,2087.8190047411226,2513.554148823378,8003.869158878505,2513.554148823378,902.6918511900566,2277.39
82,sankeshwara,1565.677739139539,2632.318198854417,11118.028571428571,2632.3181988544166,815.4629923351906,3044.37
83,madikeri,2966.8085591658346,2553.456322265827,11118.028571428571,2553.456322265827,815.2681299629094,2266.33
84,thuraiyur,5629.568907502566,3269.594497442027,8754.683168316831,3269.5944974420277,3557.949137910747,3098.09
85,sanand,-355.73860572495505,2240.01176613913,8719.064864864866,2240.01176613913,690.698676096183,2143.08
86,rajula,299.49825399264046,2235.5769400739937,8719.064864864866,2232.6772878104453,690.2015212015626,2320.0
87,kyathampalle,1992.1115918717915,2588.3506695919805,8719.064864864866,2588.3506695919805,638.1679903036364,2636.82
88,shahabadrampur,4927.81405756419,2256.368360082268,6223.378571428571,2256.368360082268,2421.559468235814,2284.54
89,tildanewra,1510.7584140041272,2332.454680634431,7942.119402985075,2332.454680634431,318.96112363531364,2661.56
90,narsinghgarh,1922.787226007371,2396.3689150312675,7942.119402985075,2396.3689150312675,733.1167373853257,2611.35
91,chitturthathamangalam,2232.5138661924884,2623.8808539006154,8003.869158878505,2623.8808539006154,923.661356609746,2776.76
92,malajkhand,798.4620665900693,2220.9726366606365,7942.119402985075,2220.9726366606365,732.6283212523363,2178.14
93,sarangpur,1779.099030160025,2335.1145400332757,7816.305785123967,2335.1145400332757,732.5538108967927,2272.53
94,robertsganj,4783.812006772721,2422.490104196764,8719.064864864866,2422.490104196764,2420.8012817953554,2430.5
95,sirkali,5650.673566016543,3192.3790444577726,8707.023121387283,3192.379044457773,3556.7635867365248,3510.93
96,radhanpur,114.59068298670172,2415.408044509761,7942.119402985075,2415.408044509761,686.5443839744179,2565.47
97,tiruchendur,7362.444189129692,3192.3790444577726,12388.862962962963,3192.379044457773,3559.5559810388063,3437.83
98,utraula,5612.060440794587,2454.012725047751,11066.726114649682,2454.012725047751,2420.27123870485,2205.93
99,patratu,-195.12693124716134,2413.2008801953975,8707.023121387283,2413.200880195397,649.4225992783237,2185.54
100,vijainagarajmer,3359.8062505562266,2465.3962959667947,4983.734513274337,2465.3962959667947,1250.075007562859,2179.05
101,periyasemur,6097.248714998073,3080.2895588882616,12573.90625,3080.289558888262,3558.686491004609,2992.99
102,pathri,7150.916738107688,2427.79609380527,12425.20652173913,2427.79609380527,3339.778890263115,2237.77
103,sadabad,3268.756350893642,2422.490104196764,6223.378571428571,2422.490104196764,2417.7962453320747,2501.91
104,talikota,3069.6930189472696,2640.3628354921298,11115.719008264463,2640.3628354921298,800.3335080051842,2534.63
105,sinnar,7757.677859354728,2535.405917513821,12458.318181818182,2535.405917513821,3337.9961580791633,2055.69
106,mungeli,367.6542277251174,2271.200305636439,9236.716814159292,2271.200305636439,313.58485775206515,2453.95
107,sedam,3450.41389442324,2407.3939648639907,11115.719008264463,2407.3939648639907,797.4942910528616,2080.29
108,shikaripur,3725.8932106473494,2600.4606620496806,11118.028571428571,2600.4606620496806,797.0898514081587,2605.74
109,sumerpur,365.58982264797123,2312.6982109949267,7816.305785123967,2312.6982109949267,1245.7265956828776,2131.52
110,sattur,4908.644221708211,3409.514157471249,9236.716814159292,3409.5141574712493,3552.463343580266,10961.96
111,sugauli,2002.181111902466,2658.778312970766,8941.84699453552,2658.778312970766,886.1641000685981,2518.91
112,lumding,-537.3288572336533,2413.2008801953975,8336.4375,2413.200880195397,658.7457575601306,2269.21
113,vandavasi,4558.465957828772,3200.0163168413274,4937.0,3200.016316841328,3551.8038441905496,3525.52
114,titlagarh,648.5565009822149,4667.298370758308,11459.319277108434,4657.304042080837,838.0629240207764,3144.34
115,uchgaon,7250.0231336290635,2575.30809095627,9924.242424242424,2575.30809095627,3355.3626439419345,2098.54
116,mokokchung,2173.208116891825,2416.424469783827,9236.716814159292,2416.424469783827,266.00104548936173,2522.73
117,paschimpunropara,2824.516660965559,2514.037822134376,7595.335877862595,2514.037822134376,1257.5201741981205,2301.54
118,sagwara,3366.7549015462773,2501.7037452535,5933.364583333333,2501.7037452535,1243.5508935395353,2359.88
119,ramganjmandi,2717.448442099667,2557.5114454875797,8719.064864864866,2557.5114454875793,1242.4955377343308,2162.27
120,tarakeswar,2354.9233125350947,2509.0842333222304,7816.305785123967,2509.08423332223,1252.3144215714103,2301.85
121,mahalingapura,3077.2312388096198,2424.4191764909388,11114.544715447155,2424.4191764909388,784.4556764796555,2648.37
122,dharmanagar,2539.886728125144,2270.1745618049326,11170.800925925925,2270.1745618049326,777.1803078757623,2081.25
123,mahemdabad,1781.425573309425,2332.483639166078,8719.064864864866,2332.483639166078,660.7587132665667,2180.25
124,manendragarh,-1322.207961512504,2386.1086378528266,8003.869158878505,2386.108637852826,307.7235544281785,2559.03
125,banaganipalli,70.35881941955085,2588.3506695919805,7816.305785123967,2588.3506695919805,639.4422809596435,2679.04
126,uran,8408.946823595776,2635.7417703945525,11118.028571428571,2635.7417703945525,3332.1783016280283,2200.39
127,tharamangalam,4613.224963295575,3085.4782655940558,12037.857142857143,3085.478265594056,3548.753385065594,3176.89
128,tirukkoyilur,7487.743659516134,3887.177313715431,10820.36936936937,3887.1773137154314,3548.7620876990445,10848.68
129,pen,7250.806875885268,2477.4558901867945,10820.36936936937,2477.4558901867945,3330.957486874295,2443.16
130,mussoorie,1634.6413878742478,2270.1745618049326,11118.028571428571,2270.1745618049326,590.1443200963619,2086.91
131,makhdumpur,1178.0796939948686,2651.5500498544393,9244.103448275862,2651.550049854439,870.1886727467252,2575.24
132,manersharif,2461.5994791923713,2574.80852382137,8707.023121387283,2574.80852382137,870.0547609848359,2553.04
133,oddanchatram,4550.9700593176385,2647.667407665296,11114.544715447155,2647.667407665296,1383.2113088921958,2690.75
134,palladam,2500.272701991218,2341.085878494716,11114.544715447155,2341.085878494716,1382.881628280042,2061.76
135,mundi,-738.3011032518425,2557.080230213733,9113.429629629629,2557.0802302137326,699.4320403853048,2682.23
136,sitarganj,1200.8815178540171,2628.2528430344296,11114.544715447155,2628.2528430344296,587.1082698363317,2567.78
137,nabarangapur,1244.1152134062868,2361.4313905993777,7942.119402985075,2361.4313905993777,763.0140941805882,2320.08
138,mudalagi,3524.5367631355693,2632.318198854417,11115.719008264463,2632.3181988544166,766.4232741020504,2463.8
139,samalkha,-625.903656861874,2415.408044509761,8754.683168316831,2415.408044509761,569.470479617664,2534.66
140,nepanagar,2086.9171585474633,2228.9543560738884,7816.305785123967,2228.9543560738884,684.1830461356506,2082.55
141,karjat,7497.4496678404685,2712.483296427622,12425.20652173913,2712.4832964276216,3328.344135126571,2206.65
142,ranavav,861.3505955270903,2499.377833659157,8719.064864864866,2499.377833659157,639.4727328537,2487.59
143,pedana,-377.8006660993906,2485.149029442562,8687.479166666666,2485.149029442562,632.0188880107064,2408.79
144,lakheri,3039.1078874931372,2572.064278514954,7595.335877862595,2572.064278514954,1233.5486900919443,2616.63
145,pasan,2729.2439231113076,2457.9122320438355,9908.011764705883,2457.912232043835,681.9162769279296,2112.79
146,puttur,-1386.8319922496648,2438.172916632447,10231.192810457516,2438.1729166324467,628.6974708611456,2900.47
147,vadakkuvalliyur,6096.562135354725,3407.7561143746434,10820.36936936937,3407.756114374644,3544.34893849974,10722.04
148,tirukalukundram,6696.190168538464,2351.361743515002,11118.028571428571,2382.4289932626166,3544.2187979944642,3057.08
149,muvattupuzha,3279.361772266193,2649.5329921289263,9113.429629629629,2649.5329921289263,887.5881162252056,3033.11
150,rasra,4442.348577892597,2358.349246129202,7942.119402985075,2358.349246129202,2403.184498413279,2219.77
151,udaipurwati,2162.1152739082336,2488.094489365558,6223.378571428571,2488.094489365558,1231.4395622069346,2498.66
152,manwath,8134.949873376758,2665.6855747585896,14069.035242290749,2665.685574758589,3326.1521525410863,2410.46
153,adoor,3550.8901737321976,2649.5329921289263,7816.305785123967,2649.5329921289263,886.7337394922898,2893.16
154,uthamapalayam,4974.156298433802,3080.2895588882616,10820.36936936937,3080.289558888262,3542.288329926733,3106.66
155,partur,6193.9434498024275,2254.8441501656102,10820.36936936937,2254.8441501656102,3325.13764552869,2033.09
156,nahan,1971.5071729612991,2312.3607281090035,11144.684210526315,2312.3607281090035,613.0741798450608,2197.84
157,rajesultanpur,3973.318112875855,2305.6058629848876,6223.378571428571,2305.6058629848876,2401.1184181075673,2475.09
158,ladwa,14.910302358081026,2181.2017258721094,7942.119402985075,2181.2017258721094,554.0246545774183,2035.51
159,kotdwar,3296.7508913682395,2395.776361752226,11115.719008264463,2395.776361752226,566.6926792361504,2112.72
160,mankachar,630.1729744454678,2270.1745618049326,8003.869158878505,2270.1745618049326,643.7028338633456,2117.89
161,nongstoin,1189.1880635348025,2214.7244580771458,8707.023121387283,2214.7244580771458,322.40767777358104,2284.88
162,nedumbassery,2512.6779786944626,2693.8557047529357,8707.023121387283,2693.8557047529353,886.0229570973162,2913.79
163,losal,1461.4801888864731,2426.840114367566,8754.683168316831,2426.840114367566,1226.9900142285312,2268.71
164,ramngarh,2604.749034323886,2572.064278514954,8707.023121387283,2572.064278514954,1226.7130084761015,2617.44
165,mavelikkara,1238.112723687218,2623.8808539006154,8707.023121387283,2623.8808539006154,879.0991156773276,2748.84
166,rawatsar,1091.0456075843686,2312.6982109949267,8336.4375,2312.6982109949267,1226.2504943658314,2132.81
167,rajakhera,2072.8455453848746,2261.07713938756,7942.119402985075,2261.07713938756,1226.0625042936704,2070.14
168,lar,3223.0483351900402,2305.6058629848876,4779.642857142857,2305.6058629848876,2397.802453464844,2479.81
169,lalgopalganjnindaura,3222.496262790737,2449.5718338483093,7816.305785123967,2449.571833848309,2377.779269729931,2287.03
170,muddebihal,-188.88543402266987,2483.628523574183,11115.719008264463,2483.6285235741825,734.8575252220439,2290.76
171,sirsaganj,5158.270402543445,2156.9748513036293,8336.4375,2156.9748513036293,2394.452835604356,1937.61
172,shahpura,2094.365803536464,2426.840114367566,8707.023121387283,2426.840114367566,1224.9753629461973,2275.9
173,surandai,7307.557504836535,3283.9861059907234,12492.277777777777,3283.986105990724,3537.3111607674205,2747.81
174,sangole,6937.72871362801,2554.197416219864,13169.42857142857,2554.1974162198635,3320.7009079013746,2735.33
175,pavagada,2935.548574357412,2555.5766728213475,11114.544715447155,2555.5766728213475,732.4172764489891,2421.34
176,tharad,-2041.9781003673997,2312.3607281090035,9908.011764705883,2312.3607281090035,608.6097001818247,2164.48
177,mansa,491.23364836808287,2181.2017258721094,8754.683168316831,2181.2017258721094,608.2969247440858,2070.0
178,umargam,2560.2229491383805,2421.8283317380497,8707.023121387283,2421.8283317380497,607.4288233588508,2453.02
179,mavoor,2986.421027747985,2623.8808539006154,7816.305785123967,2623.8808539006154,878.2898414968587,3006.74
180,nalbari,1717.76113583812,2614.0028078202913,8707.023121387283,2614.0028078202913,637.9369008061275,2585.89
181,talaja,576.5962091348592,2272.4585546665544,8707.023121387283,2272.4585546665544,606.5124941800574,2407.88
182,malur,1736.553706707382,2399.4122454507387,11114.544715447155,2399.4122454507387,727.5288905456302,2226.67
183,mangrulpir,7779.638550525335,2535.405917513821,12425.20652173913,2535.405917513821,3319.31169655621,2096.72
184,soro,2603.567590805711,2189.536174347981,11459.319277108434,2189.536174347982,692.3323374763924,2469.32
185,shahpura,2618.2463981547917,2327.8688990678324,7942.119402985075,2327.8688990678324,1222.6904175074785,2086.69
186,vadnagar,-1350.0795679318526,2171.6292990636884,9120.556291390729,2171.6292990636884,605.8574074897273,2058.87
187,chamba,848.6677470131235,2443.1265054445926,8754.683168316831,2443.1265054445926,546.5420433711644,2236.59
188,raisinghnagar,1319.9889235459123,2312.6982109949267,9244.103448275862,2312.6982109949267,1222.3154494756377,2229.25
189,sindhagi,2093.0965792467323,2513.554148823378,11115.719008264463,2513.554148823378,670.3757817576782,2399.66
190,sanduru,1707.5086133986624,2586.439957041796,11114.544715447155,2586.4399570417954,670.3721882247899,2301.68
191,sohna,2343.8712146957696,2407.1393787001343,7816.305785123967,2407.1393787001343,488.60374086024757,2224.75
192,manavadar,269.65911726270315,2354.1536695117693,6635.432624113475,2354.1536695117693,549.6227311871479,2205.73
193,pihani,3532.403642207035,2414.8528318132094,8707.023121387283,2414.8528318132094,2393.5402919055364,2389.83
194,safidon,3025.816596405608,2419.441686489282,7816.305785123967,2419.441686489282,532.9718925206458,2517.37
195,risod,8260.885045653555,2588.94404872552,13833.333333333334,2588.94404872552,3317.8060980645864,2307.73
196,rosera,1505.8379396681412,2652.0116377900167,8754.683168316831,2652.0116377900167,837.1988123644131,2663.87
197,sankari,6513.055354411861,3047.842770360837,12388.862962962963,3047.8427703608377,3533.5146055643695,2378.1
198,malpura,3484.501792865214,2412.3590526815283,7942.119402985075,2412.3590526815283,1219.957979468195,2288.06
199,sonamukhi,1629.9038494538672,2563.6976185159,7942.119402985075,2563.6976185159,1230.099548602259,2517.47
200,varandarappilly,3165.962352152843,2623.8808539006154,11115.719008264463,2623.8808539006154,874.2205947529366,3023.3
201,shamsabadagra,3525.127630867315,2305.6058629848876,7453.333333333333,2305.6058629848876,2392.406695434717,2395.39
202,nokha,3030.1363152567537,2578.8421658008906,8707.023121387283,2578.8421658008906,840.4997381015129,2469.67
203,pandua,603.9759963594461,2415.729729809739,7942.119402985075,2415.7297298097387,1231.8104508065912,2175.29
204,mainaguri,2655.5824376152214,2499.2828849580865,8941.84699453552,2499.282884958086,1231.5704118515237,2198.72
205,afzalpur,1970.9258642734367,2555.5766728213475,11114.544715447155,2555.5766728213475,714.0190740834221,2443.82
206,bagepalli,2511.8513394149068,2555.5766728213475,11114.544715447155,2555.5766728213475,712.6168748220937,2438.61
207,shirur,6582.426518051187,2477.4558901867945,11118.028571428571,2477.4558901867945,3315.239279476207,2445.2
208,salaya,89.9034041322193,3803.471070580142,9120.556291390729,3803.4710705801417,588.9346339475122,2182.56
209,shenkottai,5105.227248788175,3080.2895588882616,9113.429629629629,3080.289558888262,3527.4824028739517,2863.65
210,pratapgarh,1163.3017542411799,2361.4313905993777,8719.064864864866,2361.4313905993777,768.9788595020638,2270.87
211,nagarkurnool,404.9030481259724,2361.4313905993777,8707.023121387283,2361.4313905993777,535.9387511187955,2263.26
212,savner,7134.832115148354,2561.4256793361906,12425.20652173913,2561.4256793361906,3313.8347182430243,2707.77
213,sasvad,8803.211619219564,2476.5958772468002,15195.359550561798,2476.5958772468002,3313.788283362712,2060.3
214,rudrapur,3808.7758751638266,2302.8649013260774,7816.305785123967,2302.8649013260774,2388.699236022484,2301.69
215,soron,4782.31763618512,2414.8528318132094,6223.378571428571,2414.8528318132094,2388.6934832383845,2407.92
216,sholingur,8102.3714856977385,5247.27384502089,11118.028571428571,5247.273845020891,3529.118710523025,14525.37
217,pandharkaoda,9351.001276205898,2635.7417703945525,18299.295336787563,2635.7417703945525,3313.2339541940164,2139.22
218,perumbavoor,1423.2281034769367,2539.9110647512193,7942.119402985075,2539.9110647512193,864.3780390682316,2648.12
219,maddur,571.5913927440142,2555.5766728213475,11066.726114649682,2555.5766728213475,703.3338010968738,2400.34
220,nadbai,2434.218874792012,2426.840114367566,8707.023121387283,2426.840114367566,1214.321627538546,2304.7
221,talode,7949.94280313759,2535.405917513821,12573.90625,2535.405917513821,3312.171191795271,2054.61
222,shrigonda,8433.937813932269,2575.30809095627,12371.933333333332,2575.30809095627,3311.9808249319567,2088.21
223,madhugiri,2982.1412491633855,2684.4304511990767,11114.544715447155,2684.4304511990767,699.5560545992333,2674.63
224,tekkalakote,2727.7860835556494,2735.5198390038354,11144.684210526315,2735.519839003835,698.1086727445729,2667.91
225,seonimalwa,1055.235832812743,2220.9726366606365,7942.119402985075,2220.9726366606365,619.8831091389856,2166.36
226,shirdi,8148.509504068061,2742.0377849654187,11118.028571428571,2742.0377849654187,3311.3049129960928,2489.14
227,suar,5527.370456107306,2509.746511696328,7816.305785123967,2509.7465116963276,2385.7375996174624,2458.47
228,terdal,2844.1348021415106,2431.859033978163,11115.719008264463,2431.859033978163,695.517350594442,2254.73
229,raver,9069.853720820247,3768.630988870885,13973.404255319148,3768.630988870885,3310.361811895125,2700.99
230,tirupathur,7155.21366857356,3283.9861059907234,12388.862962962963,3283.986105990724,3525.3771532845244,2725.69
231,taraori,216.2340223490537,2240.01176613913,9120.556291390729,2240.01176613913,507.47439973668753,2222.34
232,mukhed,6674.564742595396,3503.1890811522667,10572.666666666666,3503.1890811522667,3310.0594887575057,2043.4
233,manachanallur,6179.898513196367,3232.2812179002217,9908.011764705883,3232.281217900222,3525.0948409190537,4073.63
234,jaynagarmajilpur,2051.563693796661,2647.667407665296,8003.869158878505,2647.667407665296,1221.4649917714055,2702.39
235,rehli,-128.8061213098008,2335.1145400332757,7816.305785123967,2335.1145400332757,614.0295945275222,2230.29
236,sanchore,2772.4236090971717,2572.4865719938584,6223.378571428571,2572.4865719938584,1211.1290966419156,2626.27
237,rajura,5506.114795965903,2329.4880014806336,12492.277777777777,2329.488001480633,3309.539967657572,2305.14
238,piro,1457.885927130228,2399.4122454507387,7816.305785123967,2399.4122454507387,823.6310265248793,2110.96
239,mudabidri,1452.378351677482,2513.554148823378,11118.028571428571,2513.554148823378,688.3303045195906,2261.11
240,vadgaonkasba,7264.821951404934,2397.870468556075,13169.42857142857,2397.8704685560747,3308.634453870325,2147.79
241,nagar,3984.952370857074,2386.678939334853,8707.023121387283,2386.678939334853,1209.2793115880654,2130.58
242,vijapur,-1035.898455104054,2240.01176613913,8719.064864864866,2240.01176613913,564.7031771072579,2175.42
243,viswanatham,4677.728196813525,3502.86866098374,9985.0,3502.8686609837405,3522.9720528006683,10171.59
244,bajpur,1948.6692103352325,2361.4313905993777,11115.719008264463,2361.4313905993777,505.2189184857871,2172.16
245,polur,4992.59636939291,3019.3624767278448,10820.36936936937,3019.362476727845,3522.710769769325,3825.83
246,panagudi,7507.494418946393,3080.2895588882616,12371.933333333332,3080.289558888262,3522.7368804338344,3063.15
247,manawar,910.4074943707983,2162.162596393616,8719.064864864866,2162.162596393616,606.4181894162573,1899.51
248,pauri,2826.597535268269,2530.033018670895,10572.666666666666,2530.033018670895,503.9068162935232,2449.83
249,samdhan,4705.292472347333,2389.9979456131878,7942.119402985075,2389.9979456131878,2381.127514081788,2456.64
250,pardi,325.19445724700563,2272.4585546665544,8687.479166666666,2272.4585546665544,559.445099273786,2209.18
251,rahatgarh,1740.85062996942,2220.9726366606365,8707.023121387283,2220.9726366606365,609.9786529278573,2140.28
252,panagar,2329.819289958199,2402.789202259556,8754.683168316831,2402.789202259556,601.5781724364198,2418.02
253,uthiramerur,8098.723696112003,3696.2352166353908,10572.666666666666,3696.235216635391,3521.072444862475,12303.62
254,tirora,9017.175893480038,2635.7417703945525,12425.20652173913,2635.7417703945525,3306.3878141801974,2214.33
255,rangiya,1671.6707138422662,2479.99263987567,8719.064864864866,2479.9926398756697,617.8445217262564,2029.72
256,sahjanwa,3805.4689091909477,2305.6058629848876,6223.378571428571,2305.6058629848876,2379.853628218863,2499.74
257,waraseoni,-67.93915265450232,2330.1609512211303,9924.242424242424,2330.16095122113,599.5437252925808,2265.73
258,magadi,3581.9028687234586,2678.1855784380023,11115.719008264463,2678.1855784380023,675.8705013465974,2637.6
259,rajgarhalwar,2672.4863349920342,2572.064278514954,7816.305785123967,2572.064278514954,1205.8407007896521,2662.59
260,rafiganj,2037.6126026304773,2658.778312970766,8707.023121387283,2658.778312970766,817.3610277321425,2717.51
261,tarana,1307.6688000035665,2335.1145400332757,7942.119402985075,2335.1145400332757,604.0952029273216,2180.9
262,rampurmaniharan,4302.830947353887,2499.653923708738,8707.023121387283,2499.6539237087377,2378.3685302384165,2533.91
263,sheoganj,2004.651605612611,2261.07713938756,8336.4375,2261.07713938756,1204.5162664090822,2085.72
264,raikot,3353.5154632429876,2588.3506695919805,11118.028571428571,2588.3506695919805,492.72796978417074,2704.47
265,sumerpur,5050.654049775945,2422.416759022248,8707.023121387283,2422.416759022248,2377.3964247091662,2601.48
266,navalgund,2426.920296414388,2658.778312970766,11114.544715447155,2658.778312970766,667.8675038572967,2662.6
267,shahganj,5521.412411813824,2352.1043733681277,8754.683168316831,2352.1043733681277,2377.070506917132,2176.88
268,marhaura,4349.649230199464,2559.6103148008683,8378.0,2559.6103148008683,814.339958757131,2202.08
269,tulsipur,3437.6860668555164,2265.8773731022543,7942.119402985075,2265.8773731022543,2376.3729210265064,2106.09
270,sadri,3454.4857150410935,2520.9355962535224,7942.119402985075,2520.9355962535224,1202.3382464224708,2421.79
271,thiruthuraipoondi,5803.3264811837,2989.0327300938166,8336.4375,2989.032730093817,3514.312251921893,2666.21
272,shiggaon,169.93092069078557,2513.554148823378,11114.544715447155,2513.554148823378,662.6804835897718,2264.66
273,pallapatti,6998.619447147445,3283.9861059907234,4157.645833333333,3283.986105990724,3516.245843493402,2829.96
274,mahendragarh,236.83170591816997,1976.311043592844,8003.869158878505,1973.411391329296,481.622783083657,2016.19
275,sausar,-605.2621981745069,2220.9726366606365,9113.429629629629,2220.9726366606365,592.8650743621587,2111.42
276,ponneri,5680.55536939764,3614.958146553252,12573.90625,3614.9581465532524,3516.089399769383,11225.89
277,mahad,7216.210353281225,2477.4558901867945,12475.142857142857,2477.4558901867945,3301.8710409570313,2485.04
278,lohardaga,1693.2520697552754,2519.868031477662,11114.544715447155,2519.8680314776616,456.0727794041495,2429.97
279,aluva,2667.9622175273835,2623.8808539006154,7942.119402985075,2623.8808539006154,847.4864822004893,3028.15
280,tirwaganj,3059.164465619555,2190.305937367159,7816.305785123967,2190.305937367159,2374.048528060898,2036.31
281,margherita,-139.3953371356547,2483.0286788870417,9120.556291390729,2483.0286788870417,608.9853943717064,2293.8
282,tehri,3653.694205451866,2496.1122146329576,11114.544715447155,2496.1122146329576,477.7375068023495,2161.99
283,sundarnagar,2384.560000779755,2349.200080699624,11355.44761904762,2349.2000806996234,531.4208485611134,2204.9
284,rajgarh,-10.720378966476346,2335.1145400332757,7816.305785123967,2335.1145400332757,585.7662646011385,2211.04
285,mangaldoi,-19.809507335048693,2270.1745618049326,8003.869158878505,2270.1745618049326,608.054351301825,2113.47
286,renigunta,2032.1246140807052,2336.9663214852053,8336.4375,2336.9663214852053,526.1385827737694,2096.28
287,longowal,3581.499582891207,2436.3598302638434,11170.800925925925,2436.3598302638434,477.3308338312351,2235.95
288,ratia,2038.8624810920046,2525.029971887468,6773.885057471264,2525.029971887468,474.010813173818,2596.39
289,lalgudi,6529.895931942172,3584.563775828955,10820.36936936937,3584.5637758289554,3512.9726766235644,12265.17
290,shrirangapattana,1655.4801569099545,2574.80852382137,10820.36936936937,2574.80852382137,651.3550969365045,2608.98
291,niwari,521.1795733589297,2220.9726366606365,7816.305785123967,2220.9726366606365,581.8767233076221,2151.43
292,natham,6397.316675829286,3161.9846737334765,10820.36936936937,3161.984673733477,3512.5774977870965,3039.28
293,unnamalaikadai,7814.739214093148,3161.9846737334765,11118.028571428571,3161.984673733477,3512.547074412528,2961.57
294,purquazi,6152.2334860648025,2506.4598933461602,7942.119402985075,2506.4598933461602,2368.972296883037,2651.06
295,shamsabadfarrukhabad,4590.209487759246,2147.5792432709013,7816.305785123967,2147.579243270902,2371.360711783129,2405.34
296,mirganj,4505.04809929094,2684.4304511990767,8719.064864864866,2684.4304511990767,807.5066863732798,2690.07
297,todaraisingh,898.600689980236,2345.144999522351,7816.305785123967,2345.144999522351,1197.1285967709068,2241.65
298,chengannur,3221.1050737472924,2649.5329921289263,7816.305785123967,2649.5329921289263,842.9956192128317,2894.37
299,warhapur,3510.8446790313847,2462.3922776392133,7816.305785123967,2462.3922776392133,2370.533100050847,2504.34
300,rajam,896.0446939176672,2479.99263987567,10231.192810457516,2479.9926398756697,517.8427813856111,2174.63
301,urmartanda,1667.0758535011792,2479.99263987567,11170.800925925925,2479.9926398756697,470.04184777859905,2456.55
302,lonar,7802.706972937889,2554.197416219864,12615.166666666666,2554.1974162198635,3297.66076808151,2444.62
303,powayan,6510.622391340994,2400.798262773458,6223.378571428571,2400.798262773458,2370.359489789809,2565.35
304,vasudevanallur,6393.876292426525,3161.9846737334765,10593.2,3161.984673733477,3510.8384329477476,3594.93
305,palampur,2594.0256591189445,2240.01176613913,11114.544715447155,2240.01176613913,569.6746345941209,2102.02
306,pnpatti,4619.335461157791,2979.4603032853956,12475.142857142857,2979.460303285396,3510.6824174671915,3678.83
307,srisailamrfctownship,539.2361162343877,2519.868031477662,8003.869158878505,2519.8680314776616,514.8790204222781,2312.78
308,sindagi,3908.7521288626103,2600.4606620496806,11114.544715447155,2600.4606620496806,642.4108531850873,2582.47
309,vaikom,751.6095632296419,2700.622379933685,8707.023121387283,2700.6223799336844,841.379412216245,2901.89
310,sandi,3727.183741901772,2214.153125200597,7816.305785123967,2214.153125200597,2369.3383585473966,2256.3
311,malda,1608.0994847166403,2603.599791958349,7942.119402985075,2603.599791958349,1205.3341886409196,2526.38
312,tharangambadi,8050.650717666835,3380.6284224705555,10593.2,3380.628422470556,3510.0147479129582,3293.46
313,sakaleshapura,1629.764157096046,2424.8184833071623,11286.278145695363,2424.818483307162,641.1114911787134,2241.17
314,malkangiri,156.0390557380324,4421.00655558638,11170.800925925925,4421.00655558638,489.7516767700024,2125.96
315,rapar,2175.2982488964917,2441.060182738072,7816.305785123967,2441.060182738072,518.6482857567482,2421.74
316,mauganj,-560.2512952681136,2253.419425188061,9773.224,2253.419425188061,568.6791672678994,2269.88
317,todabhim,948.7270865912178,2468.8626383655355,7836.533333333334,2468.8626383655355,1193.7773229177,2404.57
318,srinivaspur,1288.7721835139473,2399.4122454507387,11118.028571428571,2399.4122454507387,637.1691231888602,2127.78
319,murliganj,2916.946203743086,2491.8841184776866,8719.064864864866,2491.8841184776866,802.9927055312927,2247.22
320,reengus,2542.4124419821947,3425.8618938455097,8336.4375,3425.861893845509,1193.546154480438,2130.53
321,sawantwadi,5116.725029537169,2245.2717233571893,12425.20652173913,2245.2717233571893,3295.094513454224,2051.65
322,tittakudi,7866.806258391305,3295.2746107887024,13833.333333333334,3295.274610788703,3508.342536243984,2541.09
323,lilong,-1570.6833963243125,2241.274680387244,8687.479166666666,2241.2746803872437,211.62696790538052,2639.07
324,rajaldesar,3797.1015948441163,2501.7037452535,7816.305785123967,2501.7037452535,1193.0365704356595,2244.47
325,pathardi,6310.104363274524,2254.8441501656102,12388.862962962963,2254.8441501656102,3294.773643224698,2046.9
326,pacode,7309.954971723564,3717.853712884181,10820.36936936937,3717.8537128841813,3507.7235091544894,11752.42
327,achhnera,3967.0965913573145,2090.1830916233566,7942.119402985075,2090.1830916233566,2366.8169324984037,2053.4
328,naraura,4374.987086166389,2506.4598933461602,7595.335877862595,2506.4598933461602,2366.7677580254926,2629.98
329,nakur,3183.629679682599,2211.313676751651,10593.2,2211.313676751651,2366.398072912014,2033.6
330,palai,2879.1733379786438,2623.8808539006154,7595.335877862595,2623.8808539006154,837.4176454868222,3021.39
331,morindaindia,956.9305596803933,2270.1745618049326,11115.719008264463,2270.1745618049326,456.99626723634987,1962.4
332,manasa,-1044.6278133978303,2246.37887451706,9908.011764705883,2246.3788745170596,561.041096173489,2198.18
333,nainpur,-1011.337116444387,2236.806447708639,9773.224,2236.8064477086386,553.4419480848134,2099.35
334,sahaspur,4154.967937526744,2297.968590601333,4983.734513274337,2297.968590601333,2365.8338594058123,2402.45
335,pauni,3016.205037153204,2341.085878494716,11114.544715447155,2341.085878494716,1323.153192845833,2036.62
336,prithvipur,2019.283055090942,2514.037822134376,4983.734513274337,2514.037822134376,1337.8119971624926,2286.0
337,silapathar,2590.2119555940917,2514.037822134376,6223.378571428571,2514.037822134376,1337.6694312331174,2274.06
338,ramtek,3401.7286384410145,2432.342707289161,11114.544715447155,2432.342707289161,1322.7799487346822,2244.91
339,songadh,-421.71118069398835,2354.1536695117693,7816.305785123967,2354.1536695117693,506.62186539379803,2215.85
340,safipur,3935.8203890521654,2156.9748513036293,8707.023121387283,2156.9748513036293,2364.6128966614483,1917.22
341,sohagpur,1562.0644954301642,2335.1145400332757,7942.119402985075,2335.1145400332757,555.9960740808132,2292.26
342,mul,7461.972207951312,2477.4558901867945,12037.857142857143,2477.4558901867945,3292.3509084766315,2382.0
343,sadulshahar,2398.9826691606904,3367.0518535784886,7816.305785123967,3367.0518535784886,1190.0278693013722,1958.44
344,phillaur,1405.8031981740605,2485.149029442562,11118.028571428571,2485.149029442562,451.1383244196563,2362.63
345,sambhar,2776.0790915126836,2565.258308877532,7816.305785123967,2565.2583088775314,1189.8204695696068,2574.44
346,prantij,734.0509653408153,2352.600384437376,8719.064864864866,2352.600384437376,1189.7124732984992,2124.2
347,nagla,3177.1419115904355,2937.0027566251,8687.479166666666,2937.0027566250997,445.8943704886087,2292.97
348,pattran,1166.323264073686,2614.0028078202913,8707.023121387283,2614.0028078202913,495.96386746062365,2573.27
349,mountabu,2945.506589363211,2597.677122286592,7816.305785123967,2597.6771222865914,1189.0045706313217,2752.59
350,reoti,1751.1146957341189,2389.5756521342837,8719.064864864866,2389.5756521342837,2362.9071665779675,2559.55
351,tenudamcumkathhara,-32.3532840703956,2443.1265054445926,9120.556291390729,2443.1265054445926,468.15411375870406,2405.28
352,panchla,2062.495548545483,2331.513451686295,6131.714285714285,2331.513451686295,1200.8312001821455,2071.22
353,pasighat,1255.8004471574386,2409.1962066675005,9024.275862068966,2409.1962066675,239.04913189034087,2591.67
354,motipur,2741.7530352519643,2658.778312970766,8003.869158878505,2658.778312970766,796.122687249535,2667.43
355,ovalley,6651.117155779422,3080.2895588882616,10820.36936936937,3080.289558888262,3503.073888831124,2670.39
356,raghunathpur,3659.090419678978,2564.1199119948046,8003.869158878505,2564.1199119948046,1197.9110854414228,2415.65
357,suriyampalayam,5748.358699791257,3706.565208086203,10355.1875,3706.5652080862033,3502.89770177414,12742.97
358,qadian,1585.0906951461347,2665.09219562505,11170.800925925925,2665.0921956250495,444.4913471493397,2820.19
359,silvassa,415.8284682456306,2189.5051907912243,9244.103448275862,2189.5051907912243,184.7856714914299,2319.54
360,nowrozabadkhodargama,-482.03899299166187,2377.1370640312452,9261.781609195403,2377.1370640312452,547.275238120803,2429.25
361,mangrol,2830.2753080247494,2468.8626383655355,6773.885057471264,2468.8626383655355,1187.1751550724282,2382.99
362,soyagaon,6792.811801756841,2637.8275568935655,4363.859649122807,2637.827556893565,3303.3630349505083,2239.67
363,sujanpur,3890.9508477215877,2530.033018670895,11114.544715447155,2530.033018670895,443.24341492217764,2286.84
364,manihari,2154.1185003680894,2566.539858011743,8941.84699453552,2566.539858011743,795.1528117659127,2219.37
365,sikanderpur,3019.240041686555,1659.9495390047014,9924.242424242424,1562.1603303165466,2361.2811447199747,2085.08
366,laksar,2200.6502171245083,2489.182671422083,6092.0,2489.182671422083,436.9194738222737,1763.69
367,mangalvedhe,7729.594937508002,2254.8441501656102,13169.42857142857,2254.8441501656102,3289.262241398565,2054.5
368,ron,1730.751214459875,2431.859033978163,11115.719008264463,2431.859033978163,613.7772016078289,2252.18
369,phulera,2094.0973071930894,2426.840114367566,7942.119402985075,2426.840114367566,1185.9537011182667,2278.16
370,sholavandan,7770.109417758336,3200.0163168413274,12371.933333333332,3200.016316841328,3501.397600207333,3226.41
371,saidpur,5552.91981228186,2422.490104196764,7942.119402985075,2422.490104196764,2360.1338785957532,2498.78
372,shamgarh,1731.535242680171,2389.6022398505183,7595.335877862595,2389.6022398505183,540.321020365204,2579.61
373,thammampatti,6634.115546129047,3250.6866306174556,11118.028571428571,3250.686630617456,3500.6561433229044,3308.02
374,maharajpur,1562.3571149034888,2520.2408776231127,7816.305785123967,2520.2408776231127,539.8785271544839,2612.79
375,chamoligopeshwar,2151.589986258743,2588.3506695919805,11115.719008264463,2588.3506695919805,431.13602651297754,2831.77
376,multai,-1151.9705678542323,2236.806447708639,8336.4375,2236.8064477086386,538.4400323655525,2053.7
377,mukerian,2101.0969709422716,2436.3598302638434,11114.544715447155,2436.3598302638434,436.06437680209496,2252.35
378,sirsi,4464.916641867278,2358.349246129202,7942.119402985075,2358.349246129202,2359.0688242186034,2214.75
379,purwa,3008.7334870668783,2265.8773731022543,9244.103448275862,2265.8773731022543,2358.478208290949,2135.43
380,sheohar,679.9553310156189,2399.4122454507387,8719.064864864866,2399.4122454507387,791.3741862734782,2176.09
381,namagiripettai,7392.464108037384,3200.0163168413274,12458.318181818182,3200.016316841328,3499.2256872259145,2845.09
382,parasi,6073.155830210428,2443.4978435812563,6773.885057471264,2443.4978435812563,2358.147396337445,2488.48
383,lathi,917.1557535666161,2396.176193509739,7595.335877862595,2396.176193509739,483.40680012618395,2420.62
384,lalganj,4315.979985796404,2358.349246129202,9985.0,2358.349246129202,2357.780427712464,2142.1
385,narkhed,7675.386707813792,2428.2183872841747,12150.0,2428.2183872841747,3286.4862967517106,2223.18
386,mathabhanga,4248.939383722693,2648.0897011442007,8003.869158878505,2648.0897011442007,1193.0973135028742,2663.69
387,shendurjana,6975.511935391682,2561.4256793361906,12388.862962962963,2561.4256793361906,3286.2224561410444,2810.8
388,peravurani,6889.23995939457,3047.842770360837,12615.166666666666,3047.8427703608377,3498.0725131327777,3424.36
389,mariani,2063.2800619833615,2572.853740666027,8719.064864864866,2572.8537406660266,574.9539534750381,2267.47
390,phulpur,4783.812594712079,2506.4598933461602,7816.305785123967,2506.4598933461602,2356.876515368122,2602.09
391,rania,-1570.1874484473356,2272.4585546665544,6223.378571428571,2272.4585546665544,428.68071240281665,2237.94
392,pali,74.79358078922269,2244.315743919485,6773.885057471264,2244.315743919485,1181.8677018372823,2060.83
393,pachore,623.2973600903224,2253.419425188061,7816.305785123967,2253.419425188061,529.5752370060143,2133.9
394,parangipettai,9252.293948960705,3348.311854073969,11010.375,3348.3118540739692,3497.413677375717,2645.67
395,pudupattinam,7415.17852678175,3269.594497442027,8707.023121387283,3269.5944974420277,3497.323109956911,2538.38
396,panniyannur,2957.363174056376,2623.8808539006154,7816.305785123967,2623.8808539006154,828.0340684187796,2900.11
397,maharajganj,3359.829177051968,2513.554148823378,8707.023121387283,2513.554148823378,788.7161381800115,2269.59
398,rau,432.79885466361156,2335.1145400332757,8754.683168316831,2335.1145400332757,528.0285236034346,2220.2
399,monoharpur,3127.9405648711527,2514.4601156132803,6223.378571428571,2514.4601156132803,1193.6950098965451,2305.71
400,mandawa,4184.843993695809,2480.7699194545103,8003.869158878505,2480.7699194545103,1181.2944131751783,2283.76
401,marigaon,705.0323375976968,2443.1265054445926,7942.119402985075,2443.1265054445926,572.3950974675919,2359.3
402,pallikonda,7798.853168265025,3348.311854073969,13169.42857142857,3348.3118540739692,3496.61209982591,2507.36
403,pindwara,1820.430802499317,2426.840114367566,6223.378571428571,2426.840114367566,1180.8603675420004,2312.29
404,shishgarh,5237.063617898979,2433.0049856632586,7595.335877862595,2433.0049856632586,2355.2565085159017,2269.58
405,charthaval,5216.199743001389,2532.072737117798,9908.011764705883,2532.0727371177977,2355.08234251302,2409.54
406,patur,8262.861888307249,2742.0377849654187,12458.318181818182,2742.0377849654187,3283.6052248518395,2717.08
407,mayangimphal,174.67912275716662,2223.8501619440726,8687.479166666666,2223.8501619440726,194.5128664251862,2147.67
408,mhowgaon,-193.16300174892058,2396.3689150312675,7816.305785123967,2396.3689150312675,521.651381136764,2603.91
409,guruvayoor,398.581780457509,2696.7666621190333,8707.023121387283,2696.766662119033,823.2809119414084,3018.38
410,mhaswad,6739.73073910132,2313.654190432631,12615.166666666666,2313.654190432631,3283.3428847765567,2093.08
411,sahawar,3946.2192527723564,2382.3473890179566,5933.364583333333,2382.3473890179566,2354.041288675344,2515.73
412,sivagiri,6660.047141956085,3213.637049906316,10231.192810457516,3213.6370499063164,3494.4378663115003,2889.97
413,mundargi,1227.534182436255,2431.859033978163,11066.726114649682,2431.859033978163,598.0992619164821,2249.57
414,punjaipugalur,7591.313280179951,3162.406967212381,9773.224,3162.4069672123815,3494.0457652448436,3685.33
415,kailasahar,-586.1172074228743,2361.4313905993777,8687.479166666666,2361.4313905993777,604.0003018270165,2160.82
416,samthar,2936.050053865809,2374.710116634402,8754.683168316831,2374.710116634402,2352.662033131119,2506.99
417,sakti,886.7764897308916,2249.530275290748,8719.064864864866,2249.530275290748,242.24728966335365,2347.29
418,silao,1100.266455164674,2399.4122454507387,8003.869158878505,2399.4122454507387,784.117046324769,2154.49
419,mandalgarh,2930.2942787188204,2572.4865719938584,7453.333333333333,2572.4865719938584,1177.4397228962857,2635.65
420,loha,5478.32943047046,2477.4558901867945,12150.0,2477.4558901867945,3281.626098097387,2479.74
421,srinagaruttarakhand,775.8816147261059,2413.2008801953975,11115.719008264463,2413.200880195397,407.2660720141914,2170.01
422,pukhrayan,3683.9003451336266,2141.804163230724,7816.305785123967,2141.804163230724,2352.0776001475715,2109.61
423,padmanabhapuram,5695.473873669427,3734.0835774755324,8707.023121387283,3734.083577475533,3490.8362921524226,10596.9
424,belonia,895.7241873627645,2328.9846020719533,11170.800925925925,2328.9846020719533,499.2219793061875,2130.57
425,bhusawar,1153.0554748409704,2468.8626383655355,6223.378571428571,2468.8626383655355,1176.2482084887442,2330.01
426,saiha,1449.051798247261,2416.424469783827,11355.44761904762,2416.424469783827,155.41286496772122,2705.91
427,inkollu,141.23473397280395,2361.4313905993777,9535.693333333333,2361.4313905993777,445.9487717182842,2228.61
428,srirampore,4077.6428279713346,2513.778820544112,8719.064864864866,2513.778820544112,1185.738960961507,2073.91
429,talwara,456.6131209693958,2588.3506695919805,6223.378571428571,2588.3506695919805,445.21351509321056,2653.3
430,gadarpur,2379.989586844684,2485.149029442562,11118.028571428571,2485.149029442562,393.0092570011104,2345.23
431,sarsawa,7778.590522001232,2560.308739618617,11144.684210526315,2560.308739618617,2334.0088124778163,2673.1
432,puthuppally,830.987296763511,2623.8808539006154,8719.064864864866,2623.8808539006154,812.9281586319088,2731.27
433,khowai,1174.6568057613458,2588.3506695919805,11144.684210526315,2588.3506695919805,444.65322781729606,2937.65
434,landhaura,2546.7400308664364,2510.801167670873,7942.119402985075,2510.801167670873,376.56506725105123,2106.46
435,tanakpur,2483.8038732284695,2485.149029442562,11114.544715447155,2485.149029442562,363.2093386945444,2339.8
436,uttarkashi,2485.12463264516,2443.1265054445926,11118.028571428571,2443.1265054445926,360.4481756022015,2102.48
437,vijaypur,1905.8205373153487,2287.764396340909,6223.378571428571,2287.764396340909,455.4161868619858,2134.39
438,takhatgarh,1084.7059754947404,2352.600384437376,7816.305785123967,2352.600384437376,1157.3908848595886,2129.9
439,joshimath,1371.8746841190077,2361.4313905993777,11114.544715447155,2361.4313905993777,346.41548618773044,2216.15
440,owk,2166.477173612324,2587.5426937039424,9244.103448275862,2587.542693703942,390.87800214347396,2469.97
441,khatima,1979.346768833284,2361.4313905993777,11118.028571428571,2361.4313905993777,317.04144672573443,2212.16
442,thirupuvanam,7942.8885635785555,5361.050769204829,12371.933333333332,5361.050769204829,3464.8408868448855,2327.66
443,adra,1713.3404715605702,2397.629240552506,9908.011764705883,2397.629240552506,1158.9204288142294,2230.15
444,piriyapatna,3088.653620578334,2600.4606620496806,7816.305785123967,2600.4606620496806,548.6026779154599,2537.21
445,obra,4843.173230432529,2371.2437742356615,6223.378571428571,2371.2437742356606,2322.7054207191486,1894.16
446,vikasnagar,242.4091769740935,2485.149029442562,11114.544715447155,2485.149029442562,295.6461182130951,2304.5
447,amaravathi,-1016.4722067123166,2361.4313905993777,9236.716814159292,2361.4313905993777,329.1055986337539,2534.84
448,khanda,1239.4480836988187,2396.176193509739,7816.305785123967,2396.176193509739,333.3549729082595,2441.81
449,mahuakheraganj,10.655256319525506,2540.0087273639947,9908.011764705883,2542.7528710318015,271.12935845017626,2614.39
450,talbehat,3208.6085423865516,2181.4399204178017,8941.84699453552,2181.4399204178017,2306.187256120095,2251.13
451,adalaj,1379.8776158994206,2354.1536695117693,7816.305785123967,2354.1536695117693,317.3427930356601,2240.36
452,nandgaon,6211.869234305956,2616.2090606447755,8003.869158878505,2616.209060644775,3246.6470523337093,2214.34
453,baghakusmar,3661.5852390973287,2544.921361762953,8707.023121387283,2544.921361762953,731.3869679673304,1757.97
454,dineshpur,105.64295268208298,2421.1825996086495,9924.242424242424,2421.182599608649,248.2766192958732,2353.04
455,jhabrera,2264.698497919888,2496.1122146329576,7942.119402985075,2496.1122146329576,245.60013424400265,2070.07
456,kelakhera,5.451349871682396,2485.149029442562,6223.378571428571,2485.149029442562,240.51454910201286,2225.76
457,munikireti,535.8082772602447,2443.1265054445926,8003.869158878505,2443.1265054445926,234.80346970137907,2145.8
458,chhapra,194.6089417743642,2324.2280442625743,8003.869158878505,2324.228044262574,283.4907808570789,2268.73
459,panamattom,1993.2528606212127,2623.8808539006154,8707.023121387283,2623.8808539006154,761.3371164570962,2737.46
460,gavaravaram,2886.224444812735,2514.0577298428707,8003.869158878505,2540.3549865229297,266.0678067578667,2610.71
461,sultanpur,-1288.2653200186578,2354.390839928377,8003.869158878505,2354.3908399283764,220.68492054782527,2402.98
462,herbertpur,-39.835492192452875,2665.09219562505,7942.119402985075,2665.0921956250495,218.8278827473096,2637.86
463,rudraprayag,-249.4432242531475,2438.172916632447,11114.544715447155,2438.1729166324467,210.05127406610384,2876.12
464,niwai,-1228.4924998087954,2503.5816404006355,7942.119402985075,2503.581640400635,1116.1725087339325,2685.14
465,bageshwar,74.44110208729944,2413.2008801953975,11118.028571428571,2413.200880195397,205.63131246117462,2662.75
466,gochar,-2414.3871332760054,2413.2008801953975,9236.716814159292,2413.200880195397,201.46080987499022,2750.94
467,doiwala,-278.29964612342155,2555.1238802948824,8003.869158878505,2555.123880294882,198.7382923701968,2704.97
468,tarbha,2853.3760002786366,4431.342965306004,11459.319277108434,4431.342965306005,178.88561448858036,2644.17
469,karnaprayag,566.504502574975,2498.1980011319706,8687.479166666666,2498.19800113197,191.047073402524,2775.23
470,sanivarapupeta,-631.8916542748975,3960.826373588407,8003.869158878505,3960.8263735884066,230.78615679198404,2675.95
471,lohaghat,1257.5556287904365,2341.085878494716,6635.432624113475,2341.085878494716,1254.218146613822,1992.43
472,bhimtal,2800.994028372177,2556.0603461323453,6092.0,2556.0603461323453,1253.0869398876887,2238.65
473,lalkuan,2985.9233882311273,2563.6976185159,6092.0,2563.6976185159,1252.6561551249677,2275.04
474,kaladhungi,1961.0538300595472,2432.342707289161,6635.432624113475,2432.342707289161,1252.481812898556,2048.58
475,naura,2615.7013230737502,2341.085878494716,5933.364583333333,2341.085878494716,1251.9116756395958,2057.63
476,mahuadabraharipura,1935.5402341207755,2556.0603461323453,6092.0,2556.0603461323453,1250.9104419179514,2308.52
477,chandpara,2900.4198442055513,2647.667407665296,5866.558823529412,2647.667407665296,1249.7798965223776,2628.27
478,dharchula,1775.84417525987,2514.037822134376,6223.378571428571,2514.037822134376,1249.3292841884795,2119.13
479,adyar,2987.363722735812,2647.667407665296,6223.378571428571,2647.667407665296,1249.335437327274,2644.7
480,narsinghgarh,2755.162321665266,2399.8959187617365,5866.558823529412,2399.8959187617365,1247.6947202732779,2113.57
481,barkot,1147.1188165755411,2669.1258376045707,7816.305785123967,2669.1258376045703,161.3653831104443,2580.93
482,didihat,-2102.0555216217117,2519.868031477662,9535.693333333333,2519.8680314776616,157.36777243997216,2810.13
483,satrampadu,1014.5951963252464,2665.09219562505,7942.119402985075,2665.0921956250495,211.13460870169678,2652.39
484,warud,4256.240207563456,2329.4880014806336,12371.933333333332,2329.488001480633,3214.449711700988,2170.0
485,asarganj,612.8063433434745,2651.5500498544393,6635.432624113475,2651.550049854439,702.2140792245493,2777.71
486,bhowali,-427.859704077071,2519.868031477662,11114.544715447155,2519.8680314776616,153.35660999904132,2716.36
487,shaktigarh,1283.9179253504426,2606.7745447039647,8687.479166666666,2606.7745447039642,153.56077511667976,2554.67
488,narendranagar,1415.9828095640696,2479.99263987567,11170.800925925925,2479.9926398756697,148.7572950412831,2564.44
489,champawat,-448.1115158393386,2413.2008801953975,8003.869158878505,2413.200880195397,125.19842298503066,2623.04
490,sarsod,451.83827421120805,2324.2280442625743,8003.869158878505,2324.228044262574,245.66162322809907,2421.8
491,bhaiseena,1600.6301806986085,2404.1034577780247,7942.119402985075,2404.103457778024,1083.1577844774595,2318.86
492,dwarahat,-337.4760846837489,2438.172916632447,8003.869158878505,2438.1729166324467,93.59454201152924,2825.56
493,badrinath,514.4145454460977,2690.744333853361,8003.869158878505,2690.7443338533603,91.4702592077712,2620.56
494,dogadda,1389.9410535335355,2519.868031477662,11115.719008264463,2519.8680314776616,91.28354631395437,2704.5
495,devprayag,-996.2162843550141,2665.09219562505,7942.119402985075,2665.0921956250495,89.43921874795585,2626.55
496,nandaprayag,378.6579358293111,2587.5426937039424,7816.305785123967,2587.542693703942,86.32036578999971,2628.24
497,kirtinagar,1459.8155710355768,2585.1560484551746,6782.333333333333,2585.156048455174,85.60818536245448,2484.78
498,kedarnath,-714.6973755960062,2479.99263987567,9535.693333333333,2479.9926398756697,80.33920466722253,2617.32
499,gangotri,99.7529905005049,2555.1238802948824,7816.305785123967,2555.123880294882,77.55763486864149,2757.34
500,kumarganj,3870.6399383567496,2363.912421950537,7816.305785123967,2363.9124219505366,2377.8103304022725,2320.98
