City,State,Type,Population [2011],Popuation [2001],Sex Ratio,Median Age,Avg Temp,SWM,Toilets Avl,Water Purity,H Index,Female Population,# of hospitals,Foreign Visitors,Covid Cases,Rate For 10 Years(%)
Mumbai,Maharashtra,M.C,"1,24,42,373","1,19,78,450",878,23,32,MEDIUM,219,150,0.700439537,10924403,159,4408916,163115,3.872980227
Delhi,Delhi,M.C,"1,10,07,835","98,79,172",858,27,30,MEDIUM,215,196,0.920018232,9444722,148,2379169,80188,11.42467203
Bangalore,Karnataka,MPUA,"84,36,675","43,01,326",936,28,37,HIGH,212,102,0.097085251,7896728,123,636502,141000,96.1412597
Hyderabad,Telangana,MPUA,"68,09,970","36,37,483",930,23,31,MEDIUM,217,118,0.827744292,6333272,110,126078,55123,87.21654507
Ahmedabad,Gujarat,MPUA,"55,70,585","35,20,085",852,29,25,LOW,227,109,0.847941394,4746138,73,284973,33204,58.25143427
Chennai,Tamil Nadu,MPUA,"46,81,087","43,43,645",904,26,31,HIGH,210,179,0.536995001,4231703,67,4684707,145606,7.768636709
Chennai,Tamil nadu,T,"46,46,732","36,64,856",912,26,30,MEDIUM,145,177,0.093450729,4237820,55,4684707,145606,26.79166658
Kolkata,West Bengal,MPUA,"44,86,679","45,72,876",945,26,37,,,,0.473584664,4239912,82,1489500,44957,-1.884962549
Surat,Gujarat,MPUA,"44,67,797","24,33,835",,27,26,,,,0.809333658,3797627,98,284973,23432,83.57025024
Pune,Maharashtra,MPUA,"31,24,458","25,38,473",,29,29,,,,0.445902445,2743274,50,4408916,218502,23.08415335
Jaipur,Rajasthan,MPUA,"30,46,163","23,22,575",871,26,32,HIGH,128,172,0.889894941,2653208,61,1475311,14001,31.15455906
Lucknow,Uttar Pradesh,MPUA,"28,17,105","21,85,927",882,24,33,HIGH,123,176,0.4647456,2484687,58,3104060,37220,28.87461475
Indore,Madhya Pradesh,M,"28,00,000","21,69,200",919,25,34,LOW,116,142,0.815465762,2573200,56,421365,15764,29.0798451
Kanpur,Uttar Pradesh,MPUA,"27,65,348","25,51,337",861,26,29,HIGH,135,122,0.053146962,2380965,94,3104060,22413,8.388190192
Nagpur,Maharashtra,MPUA,"24,05,665","20,52,066",878,,35,MEDIUM,100,136,0.01073014,2112174,52,4408916,44700,17.23136585
Indore,Madhya Pradesh,MPUA,"19,64,086","14,74,968",929,,37,MEDIUM,149,172,0.88434448,1824636,76,421365,15764,33.1612618
Thane,Maharashtra,MPUA,"18,41,488","12,62,551",878,,32,LOW,119,199,0.727836011,1616826,90,4408916,150793,45.8545437
Bhopal,Madhya Pradesh,MPUA,"17,98,218","14,37,354",926,,35,LOW,113,185,0.333171309,1665150,72,421365,12446,25.10613252
Visakhapatnam,Andhra Pradesh,MPUA,"17,28,128","9,82,904",891,,26,HIGH,119,125,0.64150105,1539762,51,237854,21374,75.81859469
Pimpri-Chinchwad,Maharashtra,MPUA,"17,27,692","10,12,472",872,,36,HIGH,108,195,0.438329658,1506547,93,4408916,24402,70.64096587
Patna,Bihar,MPUA,"16,84,222","13,66,444",925,,34,LOW,142,117,0.377561852,1557905,62,923737,23610,23.25583778
Vadodara,Gujarat,MPUA,"16,70,806","13,06,227",840,,29,LOW,112,156,0.263219465,1403477,91,284973,9439,27.91084551
Ghaziabad,Uttar Pradesh,MPUA,"16,48,643","9,68,256",872,,36,MEDIUM,122,155,0.852212709,1437617,72,3104060,10219,70.2693296
Ludhiana,Punjab,MPUA,"16,18,879","13,98,467",869,25,28,HIGH,131,180,0.556510055,1406806,73,242367,12847,15.76097255
Agra,Uttar Pradesh,MPUA,"15,85,704","12,75,134",875,25,34,LOW,124,115,0.152533877,1387491,99,3104060,3834,24.35587162
Nashik,Maharashtra,MPUA,"14,86,053","10,77,236",872,23,36,HIGH,122,170,0.17258441,1295838,66,4408916,50341,37.95055123
Ranchi,Jharkhand,MPUA,"14,56,528","10,79,968",895,29,29,MEDIUM,144,134,0.54150706,1303593,59,167785,12365,34.86769978
Faridabad,Haryana,MPUA,"14,14,050","10,55,938",842,27,32,LOW,127,200,0.326206428,1190630,59,303118,15003,33.91411238
Meerut,Uttar Pradesh,MPUA,"13,05,429","10,39,405",889,29,25,HIGH,100,,,,,,6092,25.59387342
Rajkot,Gujarat,MPUA,"12,86,678","9,67,476",848,23,28,HIGH,129,,,,,,6250,32.99327322
Kalyan-Dombivli,Maharashtra,MPUA,"12,47,327","11,93,512",871,23,38,LOW,144,,,,,,20018,4.508961787
Vasai-Virar,Maharashtra,MPUA,"12,22,390","6,93,350",876,23,33,HIGH,140,,,,,,20133,76.30201197
Varanasi,Uttar Pradesh,MPUA,"12,01,815","10,91,918",861,25,36,MEDIUM,121,,,,,,10287,10.0645836
Srinagar,Jammu and Kashmir,MPUA,"11,80,570","8,98,440",905,23,15,LOW,115,,,,,,11243,31.40220827
Aurangabad,Maharashtra,MPUA,"11,75,116","8,73,311",887,26,40,HIGH,139,,,,,,3201,34.55870818
Dhanbad,Jharkhand,MPUA,"11,62,472","10,65,327",910,28,38,LOW,145,,,,,,3702,9.118796388
Amritsar,Punjab,MPUA,"11,32,383","9,66,862",869,24,34,LOW,111,129,0.14169585,984041,62,242367,5840,17.11940277
Navi Mumbai,Maharashtra,MPUA,"11,20,547","7,04,002",880,26,36,LOW,114,163,0.399270809,986081,87,4408916,22861,59.16815577
Allahabad,Uttar Pradesh,MPUA,"11,12,544","9,75,393",876,28,26,HIGH,150,118,0.944010539,974589,75,3104060,24507,14.06110153
Howrah,West Bengal,MPUA,"10,77,075","10,07,532",954,23,39,LOW,117,114,0.73123365,1027530,54,1489500,14726,6.902311788
Gwalior,Madhya Pradesh,MPUA,"10,69,276","8,27,026",925,28,39,LOW,116,197,0.961352237,989080,68,421365,7089,29.29170304
Jabalpur,Madhya Pradesh,MPUA,"10,55,525","9,32,484",920,29,27,LOW,138,106,0.005168424,971083,74,421365,5683,13.19497171
Coimbatore,Tamil Nadu,MPUA,"10,50,721","9,30,882",917,28,34,HIGH,124,156,0.502560127,963511,69,4684707,20839,12.87370472
Vijayawada,Andhra Pradesh,MPUA,"10,34,358","8,51,282",914,23,37,LOW,104,117,0.622070603,945403,65,237854,21005,21.50591696
Jodhpur,Rajasthan,MPUA,"10,33,918","8,51,051",873,24,27,MEDIUM,124,174,0.592847814,902610,76,1475311,14249,21.48719642
Chandigarh,Chandigarh,MPUA,"10,28,667","8,08,515",818,25,30,LOW,147,126,0.055718449,841450,56,29538,7292,27.22917942
Madurai,Tamil Nadu,MPUA,"10,24,345","9,28,869",901,25,32,LOW,131,119,0.695843371,917096,89,4684707,15118,10.27873683
Raipur,Chhattisgarh,MPUA,"10,17,206","6,05,747",970,29,29,MEDIUM,113,200,0.752301306,979784,60,6394,19525,67.92588325
Guwahati,Assam,C-1T,"10,17,030","8,09,895",887,29,5,LOW,102,141,0.168740872,849171,50,24720,10280,25.57553757
Solapur,Maharashtra,C-1T,"10,00,461","8,72,478",873,25,26,HIGH,146,189,0.628417717,830710,96,4408916,25127,14.66890856
Hubli–Dharwad,Karnataka,C-1T,"9,84,562","7,86,195",940,29,32,MEDIUM,117,153,0.675203936,887161,86,636502,10895,25.23127214
Mysore,Karnataka,C-1T,"9,56,458","7,62,408",924,27,37,MEDIUM,149,147,0.9991392,850588,52,636502,9971,25.45225129
Tiruchirappalli,Tamil Nadu,C-1T,"9,14,672","7,52,066",915,27,30,MEDIUM,141,155,0.601828658,838757,51,4684707,8540,21.62124069
Bareilly,Uttar Pradesh,C-1T,"9,02,348","7,18,395",880,25,39,HIGH,116,192,0.133169727,790387,61,3104060,8139,25.60610806
Aurangabad,Maharashtra,M.Cl,"8,92,483","7,66,542",877,28,30,MEDIUM,123,149,0.18161671,782708,63,4408916,3201,16.42975858
Aligarh,Uttar Pradesh,C-1T,"8,89,810","6,72,315",881,24,36,HIGH,144,123,0.534603992,783923,80,3104060,6031,32.35016324
Tiruppur,Tamil Nadu,C-1T,"8,77,778","3,44,543",913,28,,HIGH,113,,,,86,4684707,4066,154.7658783
Gurgaon,Haryana,C-1T,"8,76,824","1,73,542",823,29,,LOW,149,,,,63,303118,9537,405.2517546
Moradabad,Uttar Pradesh,C-1T,"8,72,575","6,69,087",883,28,,HIGH,132,,,,55,3104060,6480,30.41278638
Jalandhar,Punjab,C-1T,"8,62,196","7,06,043",884,25,,MEDIUM,146,,,,87,242367,8783,22.11664162
Bhubaneswar,Odisha,C-1T,"8,37,737","6,48,032",946,28,,MEDIUM,148,,,,74,66971,10586,29.27401733
Salem,Tamil Nadu,C-1T,"8,31,038","6,96,760",906,23,27,HIGH,128,,,,61,4684707,13590,19.2717722
Warangal,Telangana,C-1T,"8,30,281","5,30,636",929,24,39,LOW,147,,,,74,126078,8911,56.46902962
Mira-Bhayandar,Maharashtra,C-1T,"8,14,655","5,20,388",880,24,26,LOW,116,,,,70,4408916,8440,56.54761447
Jalgaon,Maharashtra,C-1T,"7,98,514","4,62,280",882,27,33,LOW,147,,,,54,4408916,34227,72.73384096
Kota,Rajasthan,C-1T,"7,43,556","5,94,316",853,29,25,MEDIUM,132,,,,56,1475311,7067,25.11122029
Guntur,Andhra Pradesh,C-1T,"7,43,354","5,14,461",915,28,34,MEDIUM,108,,,,56,237854,10239,44.49180793
Bhiwandi,Maharashtra,C-1T,"7,11,329","5,98,741",869,29,40,MEDIUM,112,,,,63,4408916,10071,18.80412399
Saharanpur,Uttar Pradesh,C-1T,"7,03,345","4,55,754",890,24,39,LOW,120,,,,82,3104060,5514,54.32557915
Gorakhpur,Uttar Pradesh,C-1T,"6,71,048","6,22,701",880,26,31,HIGH,150,,,,63,3104060,12294,7.76407939
Bikaner,Rajasthan,C-1T,"6,47,804","5,29,690",877,24,26,HIGH,123,161,0.25755712,568124,51,1475311,5054,22.29870301
Amravati,Maharashtra,C-1T,"6,46,801","5,49,510",878,25,34,LOW,102,176,0.870680955,567891,78,4408916,7172,17.70504631
Noida,Uttar Pradesh,C-1T,"6,42,381","3,05,058",885,25,25,LOW,114,108,0.615857463,568507,77,3104060,8842,110.5766772
Jamshedpur,Jharkhand,C-1T,"6,31,364","5,73,096",900,27,29,HIGH,140,132,0.359799725,568228,63,167785,9711,10.16723202
Bhilai,Chhattisgarh,C-1T,"6,25,697","5,56,366",957,24,32,HIGH,125,198,0.003074344,598792,78,6394,9179,12.46140131
Cuttack,Odisha,C-1T,"6,06,007","5,34,654",954,23,38,MEDIUM,133,149,0.02441449,578131,85,66971,12265,13.34564036
Firozabad,Uttar Pradesh,C-1T,"6,03,797","2,79,102",865,28,33,MEDIUM,135,158,0.575803058,522284,59,3104060,1996,116.3356049
Kochi,Kerala,C-1T,"6,01,574","5,96,473",971,29,31,LOW,140,177,0.401893501,584128,50,977479,11254,0.855193781
Nellore,Andhra Pradesh,C-1T,"6,00,869","3,78,428",906,25,33,MEDIUM,133,107,0.272163828,544387,53,237854,9052,58.78026996
Bhavnagar,Gujarat,C-1T,"5,93,768","5,11,085",846,24,28,LOW,117,166,0.679264465,502328,81,284973,3317,16.17793518
Dehradun,Uttarakhand,C-1T,"5,78,420","4,26,674",835,25,6,LOW,111,184,0.264985086,482981,91,105882,6391,35.56485748
Durgapur,West Bengal,C-1T,"5,66,937","4,93,405",958,25,26,MEDIUM,130,150,0.480555467,543126,54,1489500,9572,14.90297018
Asansol,West Bengal,C-1T,"5,64,491","4,75,439",955,28,26,LOW,133,125,0.882182598,539089,71,1489500,10687,18.73047857
Rourkela,Odisha,C-1T,"5,52,734","4,26,354",953,29,27,LOW,109,181,0.456825432,526756,77,66971,11045,29.64203455
Nanded,Maharashtra,C-1T,"5,50,564","4,30,733",877,28,25,HIGH,102,114,0.088904518,482845,66,4408916,10652,27.8202506
Kolhapur,Maharashtra,C-1T,"5,49,283","4,93,167",891,25,26,HIGH,142,191,0.806195868,489411,84,4408916,30609,11.37870133
Ajmer,Rajasthan,C-1T,"5,42,580","4,85,575",860,26,28,LOW,123,189,0.099481627,466619,75,1475311,4967,11.73969006
Akola,Maharashtra,C-1T,"5,37,149","4,00,520",879,24,29,HIGH,105,107,0.097128659,472154,77,4408916,4937,34.11290323
Gulbarga,Karnataka,C-1T,"5,32,031","4,22,569",922,24,31,LOW,105,133,0.040144093,490533,68,636502,8843,25.90393522
Jamnagar,Gujarat,C-1T,"5,29,308","4,43,518",853,27,28,HIGH,131,115,0.029569736,451500,74,284973,3807,19.34307063
Ujjain,Madhya Pradesh,C-1T,"5,15,215","4,30,427",925,29,38,MEDIUM,149,162,0.011545983,476574,61,421365,2095,19.69857839
Loni,Uttar Pradesh,C-1T,"5,12,296","1,20,945",861,28,31,LOW,107,169,0.069470976,441087,54,3104060,9634,323.5776593
Siliguri,West Bengal,C-1T,"5,09,709","4,72,374",957,24,25,HIGH,106,102,0.294327972,487792,74,1489500,9179,7.903694954
Jhansi,Uttar Pradesh,C-1T,"5,07,293","3,83,644",869,27,30,MEDIUM,129,112,0.642546032,440838,80,3104060,5440,32.23014044
Ulhasnagar,Maharashtra,C-1T,"5,06,937","4,73,731",880,28,39,LOW,123,124,0.812126419,446105,74,4408916,9846,7.009463176
Jammu,Jammu and Kashmir,C-1T,"5,03,690","3,69,959",908,24,10,HIGH,145,169,0.077831283,457351,53,58568,7697,36.14751905
Sangli-Miraj & Kupwad,Maharashtra,C-1T,"5,02,697","4,36,781",869,29,30,HIGH,146,130,0.76211233,436844,84,4408916,10070,15.09131579
Mangalore,Karnataka,C-1T,"4,99,486","3,99,565",931,28,28,HIGH,120,102,0.018752724,465021,52,636502,10418,25.0074456
Erode,Tamil Nadu,C-1T,"4,98,129","1,73,600",915,23,27,MEDIUM,140,138,0.562357893,455788,67,4684707,4205,186.9406682
Belgaum,Karnataka,C-1T,"4,88,292","3,99,653",952,23,29,HIGH,147,172,0.366751369,464854,100,636502,8751,22.17899027
Ambattur,Tamil Nadu,C-1T,"4,78,134","3,10,967",916,24,37,LOW,111,185,0.920626654,437971,78,4684707,8786,53.75715108
Tirunelveli,Tamil Nadu,C-1T,"4,73,637","4,11,831",907,29,32,HIGH,110,125,0.871137461,429589,93,4684707,10774,15.00761235
Malegaon,Maharashtra,C-1T,"4,71,006","4,09,403",871,27,26,HIGH,123,137,0.215542994,410246,85,4408916,9398,15.0470319
Gaya,Bihar,C-1T,"4,63,454","3,85,432",917,23,30,MEDIUM,107,170,0.558294608,424987,59,923737,8429,20.24274061
Thiruvananthapuram,Kerala,C-1T,"4,60,468","3,68,618",959,30,29,HIGH,104,159,0.422028789,441589,86,977479,19818,24.91739416
Udaipur,Rajasthan,C-1T,"4,51,735","3,89,438",877,28,37,LOW,117,149,0.161467595,396172,89,1475311,2648,15.99664131
Kakinada,Andhra Pradesh,C-1T,"4,43,028","3,25,985",875,29,35,LOW,103,166,0.284010132,387650,63,237854,10140,35.90441278
Davanagere,Karnataka,C-1T,"4,35,128","3,64,523",934,25,30,MEDIUM,112,109,0.151582387,406410,70,636502,12486,19.36914817
Kozhikode,Kerala,C-1T,"4,32,097","4,36,556",964,29,40,LOW,135,141,0.347997166,416542,52,977479,7682,-1.021403898
Maheshtala,West Bengal,C-1T,"4,29,423","3,85,266",951,25,28,MEDIUM,111,126,0.234101481,408381,51,1489500,9502,11.46143184
Rajpur Sonarpur,West Bengal,C-1T,"4,23,806","3,36,707",957,23,27,LOW,128,152,0.319906376,405582,99,1489500,8797,25.86789107
Rajahmundry,Andhra Pradesh,C-1T,"4,19,818","3,15,251",905,26,35,HIGH,145,127,0.603840399,379935,99,237854,9403,33.16944276
Bokaro,Jharkhand,C-1T,"4,13,934","3,93,805",891,23,26,HIGH,111,131,0.139153052,368815,91,167785,2774,5.111413009
South Dumdum,West Bengal,C-1T,"4,10,524","3,92,444",957,23,33,LOW,110,145,0.511487421,392871,89,1489500,8797,4.607026735
Bellary,Karnataka,C-1T,"4,09,644","3,16,766",944,26,32,LOW,137,182,0.980547014,386704,73,636502,9809,29.3206973
Patiala,Punjab,C-1T,"4,05,164","3,03,151",886,26,38,MEDIUM,142,129,0.556825583,358975,95,242367,7729,33.65088685
Gopalpur,West Bengal,C-1T,"4,04,991","2,71,811",950,26,29,MEDIUM,130,136,0.161710394,384741,83,1489500,9871,48.9972812
Agartala,Tripura,C-1T,"3,99,688","2,71,811",977,28,12,HIGH,122,122,0.121407191,390495,64,34886,10933,47.0462932
Bhagalpur,Bihar,C-1T,"3,98,138","3,40,767",916,28,38,HIGH,143,182,0.586616981,364694,81,923737,10250,16.83584385
Muzaffarnagar,Uttar Pradesh,C-1T,"3,92,451","3,16,729",877,28,26,LOW,135,122,0.807069876,344180,66,3104060,3103,23.90750452
Bhatpara,West Bengal,C-1T,"3,90,467","4,42,385",959,29,33,LOW,123,186,0.727131021,374458,76,1489500,11114,-11.73593137
Panihati,West Bengal,C-1T,"3,83,522","3,48,438",947,27,30,LOW,103,139,0.275123563,363195,50,1489500,10218,10.06893622
Latur,Maharashtra,C-1T,"3,82,754","2,99,985",870,24,33,LOW,119,128,0.50896019,332996,85,4408916,11510,27.59104622
Dhule,Maharashtra,C-1T,"3,76,093","3,41,755",889,24,39,HIGH,112,176,0.339471562,334347,54,4408916,10233,10.04754868
Tirupati,Andhra Pradesh,C-1T,"3,74,260","2,28,202",890,25,27,HIGH,106,141,0.261376403,333091,58,237854,8891,64.00382118
Rohtak,Haryana,C-1T,"3,73,133","2,86,807",846,25,28,MEDIUM,108,180,0.365817445,315671,91,303118,3798,30.09898643
Sagar,Madhya Pradesh,C-1T,"3,70,296","2,32,133",912,25,28,LOW,136,134,0.938754222,337710,69,421365,1410,59.51889649
Korba,Chhattisgarh,C-1T,"3,63,210","3,15,690",973,29,25,LOW,129,198,0.416205697,353403,79,6394,1285,15.05274161
Bhilwara,Rajasthan,C-1T,"3,60,009","2,80,128",866,26,40,MEDIUM,145,172,0.914421764,311768,64,1475311,2458,28.51589273
Berhampur,Odisha,C-1T,"3,55,823","3,07,792",945,27,28,HIGH,134,130,0.2137728,336253,57,66971,10197,15.60501897
Muzaffarpur,Bihar,C-1T,"3,51,838","3,05,525",920,29,26,LOW,139,174,0.694019105,323691,61,923737,10662,15.15849767
Ahmednagar,Maharashtra,C-1T,"3,50,905","3,07,615",893,27,30,HIGH,150,166,0.214026619,313358,80,4408916,26912,14.07278579
Mathura,Uttar Pradesh,C-1T,"3,49,336","3,02,770",864,28,33,HIGH,118,164,0.131378892,301826,58,3104060,2976,15.37999141
Kollam,Kerala,C-1T,"3,49,033","3,61,560",971,28,29,MEDIUM,147,134,0.607749333,338911,57,977479,6147,-3.464708485
Avadi,Tamil Nadu,C-1T,"3,44,701","2,29,403",923,23,39,LOW,146,160,0.995697622,318159,64,4684707,8484,50.26002275
Kadapa,Andhra Pradesh,C-1T,"3,43,054","1,25,725",929,27,28,HIGH,117,123,0.907662015,318697,99,237854,10024,172.8606085
Kamarhati,West Bengal,C-1T,"3,36,579","3,14,507",957,25,32,HIGH,148,131,0.091818697,322106,52,1489500,9561,7.017967804
Sambalpur,Odisha,C-1T,"3,35,761","2,96,662",947,27,40,LOW,102,194,0.458369828,317966,91,66971,3734,13.17964552
Bilaspur,Chhattisgarh,C-1T,"3,30,106","2,74,917",966,28,32,LOW,126,140,0.896520952,318882,57,6394,449,20.07478621
Shahjahanpur,Uttar Pradesh,C-1T,"3,27,975","2,96,662",885,23,40,LOW,142,169,0.810274192,290258,61,3104060,4303,10.55510986
Satara,Maharashtra,C-1T,"3,26,789","2,28,175",870,29,34,LOW,148,134,0.282643924,284306,63,4408916,21674,43.21858223
Bijapur,Karnataka,C-1T,"3,26,360","2,28,175",948,28,37,LOW,133,183,0.117496269,309389,96,636502,10608,43.03056864
Kurnool,Andhra Pradesh,C-1T,"3,25,300","2,69,122",914,27,38,LOW,140,140,0.887895795,297324,81,237854,9862,20.8745476
Rampur,Uttar Pradesh,C-1T,"3,25,248","2,81,494",879,27,34,MEDIUM,121,179,0.624177241,285893,75,3104060,4172,15.54349293
Shimoga,Karnataka,C-1T,"3,22,428","2,74,352",953,24,40,MEDIUM,103,192,0.964043467,307274,75,636502,9141,17.52347349
Chandrapur,Maharashtra,C-1T,"3,21,036","2,89,450",869,28,34,HIGH,145,155,0.482822256,278980,93,4408916,4697,10.91242011
Junagadh,Gujarat,C-1T,"3,20,250","1,68,686",853,26,26,LOW,121,150,0.094579414,273173,82,284973,2081,89.84978006
Thrissur,Kerala,C-1T,"3,15,596","3,17,526",966,31,37,HIGH,118,126,0.216642153,304866,62,977479,6235,-0.607824241
Alwar,Rajasthan,C-1T,"3,15,310","2,60,593",877,27,33,MEDIUM,140,173,0.836760938,276527,59,1475311,8677,20.99711044
Bardhaman,West Bengal,C-1T,"3,14,638","2,85,602",961,26,40,LOW,124,199,0.906868166,302367,93,1489500,9985,10.16659547
Kulti,West Bengal,C-1T,"3,13,977","2,89,903",947,24,39,HIGH,134,130,0.758839812,297336,59,1489500,9083,8.304156908
Nizamabad,Telangana,C-1T,"3,10,467","2,88,722",936,23,37,HIGH,149,132,0.799557124,290597,67,126078,4424,7.531466255
Parbhani,Maharashtra,C-1T,"3,07,191","2,59,329",874,23,33,MEDIUM,143,128,0.091066222,268485,87,4408916,3811,18.45609245
Tumkur,Karnataka,C-1T,"3,05,821","2,48,929",952,27,36,LOW,113,144,0.298385056,,,636502,10272,22.85470958
Khammam,Telangana,C-1T,"3,05,000","2,18,689",922,24,28,HIGH,134,172,0.453650009,,,126078,4316,39.46746293
Hisar,Haryana,M.Corp,"3,01,249","2,10,432",824,25,31,HIGH,109,151,0.361736066,,,303118,3315,43.15740952
Ozhukarai,Puducherry,C-1T,"3,00,028","2,17,707",1031,28,26,LOW,117,121,0.112258889,,,106153,11537,37.81274833
Bihar Sharif,Bihar,C-1T,"2,96,889","2,32,071",927,26,25,LOW,108,125,0.51739398,,,923737,9632,27.93024549
Panipat,Haryana,C-1T,"2,94,150","2,61,740",829,27,29,LOW,119,146,0.732577745,243850,64,303118,5255,12.382517
Darbhanga,Bihar,C-1T,"2,94,116","2,67,348",914,25,29,LOW,150,115,0.544779975,268822,54,923737,9131,10.01241827
Bally,West Bengal,C-1T,"2,91,972","2,60,906",961,23,34,LOW,113,135,0.213392295,280585,64,1489500,8833,11.90697033
Aizawl,Mizoram,C-1T,"2,91,822","2,28,280",975,28,12,LOW,103,106,0.725949568,284526,73,798,887,27.83511477
Dewas,Madhya Pradesh,C-1T,"2,89,438","2,31,672",916,27,37,LOW,107,152,0.009473837,265125,79,421365,877,24.93439
Ichalkaranji,Maharashtra,C-1T,"2,87,570","2,57,610",888,24,26,MEDIUM,137,166,0.938262064,255362,88,4408916,8517,11.62998331
Karnal,Haryana,C-1T,"2,86,974","2,10,476",820,25,34,HIGH,150,173,0.338757447,235319,83,,4738,36.34523651
Bathinda,Punjab,C-1T,"2,85,813","2,17,256",875,26,31,LOW,138,152,0.736867736,250086,60,,3630,31.55586037
Jalna,Maharashtra,C-1T,"2,85,349","2,35,795",871,29,32,MEDIUM,149,107,0.33216204,248539,86,,5595,21.0157128
Eluru,Andhra Pradesh,C-1T,"2,83,648","1,90,347",911,26,37,LOW,129,195,0.365806506,258403,62,,9465,49.01627029
Barasat,West Bengal,C-1T,"2,83,443","2,31,515",945,24,40,MEDIUM,141,172,0.352218991,267854,73,,9064,22.42964819
Kirari Suleman Nagar,Delhi,C-1T,"2,82,598","1,53,874",866,27,40,MEDIUM,105,103,0.867002953,244730,57,,9343,83.65545836
Purnia,Bihar,C-1T,"2,80,547","1,71,687",929,24,34,MEDIUM,123,170,0.863391787,260628,51,,8910,63.406082
Satna,Madhya Pradesh,C-1T,"2,80,248","2,25,464",921,25,40,HIGH,116,185,0.840118675,258108,99,,759,24.29833588
Mau,Uttar Pradesh,C-1T,"2,79,060","2,12,657",890,29,35,LOW,139,117,0.483641367,248363,60,,1958,31.22540053
Sonipat,Haryana,C-1T,"2,77,053","2,14,974",827,29,38,MEDIUM,116,131,0.067259176,229123,86,,5498,28.87744564
Farrukhabad,Uttar Pradesh,C-1T,"2,75,750","2,28,333",890,24,28,LOW,117,114,0.342686439,245418,77,,1652,20.76659966
Durg,Chhattisgarh,C-1T,"2,68,679","2,32,517",950,27,39,HIGH,115,135,0.129244853,255245,92,,10251,15.55241122
Imphal,Manipur,C-1T,"2,64,986","2,21,492",981,27,9,HIGH,150,101,0.292217408,259951,80,,10585,19.63682661
Ratlam,Madhya Pradesh,C-1T,"2,64,810","2,22,202",914,25,32,MEDIUM,137,125,0.514864536,242036,73,,1387,19.17534496
Hapur,Uttar Pradesh,C-1T,"2,62,801","2,11,983",867,23,33,HIGH,150,105,0.950670483,227848,66,,2040,23.97267705
Arrah,Bihar,C-1T,"2,61,099","2,03,380",923,25,31,HIGH,118,184,0.938506214,240994,84,,9221,28.37988003
Anantapur,Andhra Pradesh,C-1T,"2,61,004","2,18,808",882,24,39,LOW,140,105,0.327263915,230206,85,,8459,19.28448686
Karimnagar,Telangana,C-1T,"2,60,899","2,05,653",929,27,27,MEDIUM,135,148,0.230800299,242375,95,,6245,26.86369759
Etawah,Uttar Pradesh,C-1T,"2,56,838","2,10,453",885,27,27,LOW,104,183,0.110137057,227302,97,,2887,22.04055062
Ambarnath,Maharashtra,C-1T,"2,54,003","2,03,795",871,25,37,MEDIUM,101,164,0.250935385,221237,99,,8701,24.636522
North Dumdum,West Bengal,C-1T,"2,53,625","2,20,042",951,27,33,HIGH,139,151,0.202178576,241197,52,,10261,15.26208633
Bharatpur,Rajasthan,C-1T,"2,52,109","2,04,587",865,24,40,LOW,122,138,0.554875623,218074,57,,3877,23.22825986
Begusarai,Bihar,C-1T,"2,51,136","93,378",928,24,31,MEDIUM,101,112,0.301761472,233054,97,,8901,168.945576
New Delhi,Delhi,C-1T,"2,49,998","3,02,147",876,23,40,HIGH,100,113,0.739131752,218998,68,,8051,-17.25947966
Gandhidham,Gujarat,C-1T,"2,48,705","1,66,388",870,29,30,HIGH,119,107,0.264745632,216373,94,,10082,49.47291872
Baranagar,West Bengal,C-1T,"2,48,466","2,50,768",958,25,33,MEDIUM,107,193,0.076656015,238030,78,,9571,-0.917979966
Tiruvottiyur,Tamil Nadu,C-1T,"2,48,059","2,12,281",905,29,28,MEDIUM,141,187,0.052000098,224493,100,,10488,16.85407549
Pondicherry,Puducherry,C-1T,"2,41,773","2,20,749",1042,24,25,HIGH,118,187,0.637098865,251927,50,,9995,9.523938953
Sikar,Rajasthan,C-1T,"2,37,579","1,84,904",858,25,37,MEDIUM,149,116,0.601350819,203843,63,,2962,28.48775581
Thoothukudi,Tamil Nadu,C-1T,"2,37,374","2,16,058",915,24,25,MEDIUM,116,184,0.962044678,217197,68,,8776,9.86586935
Rewa,Madhya Pradesh,C-1T,"2,35,422","1,83,274",929,23,33,LOW,144,123,0.421181202,218707,72,,1021,28.45357225
Mirzapur,Uttar Pradesh,C-1T,"2,33,691","2,05,053",861,28,33,MEDIUM,130,118,0.510063094,201208,67,,1945,13.96614534
Raichur,Karnataka,C-1T,"2,32,456","2,07,421",938,24,34,LOW,107,177,0.856074149,218044,80,,9096,12.06965544
Pali,Rajasthan,C-1T,"2,29,956","1,87,641",863,24,34,LOW,116,132,0.366713555,198452,99,,4459,22.55104162
Ramagundam,Telangana,C-1T,"2,29,644","2,36,600",918,26,31,MEDIUM,142,190,0.105798349,210813,77,,9538,-2.939983094
Silchar,Assam,C-1T,"2,29,136","1,84,105",901,26,8,MEDIUM,106,193,0.714026806,206452,54,,9361,24.45941175
Haridwar,Uttarakhand,C-1T,"2,28,832","1,75,010",842,27,5,HIGH,126,178,0.64380947,192677,93,,5989,30.75367122
Vijayanagaram,Andhra Pradesh,C-1T,"2,28,025","1,74,324",894,28,32,HIGH,124,155,0.456808987,203854,89,,10003,30.80528212
Tenali,Andhra Pradesh,C-1T,"2,25,982","1,84,937",896,29,38,LOW,123,167,0.112821757,202480,94,,10383,22.19404446
Nagercoil,Tamil Nadu,C-1T,"2,24,849","2,08,179",911,28,27,LOW,129,188,0.632885329,204837,83,,10193,8.00753198
Sri Ganganagar,Rajasthan,C-1T,"2,24,773","2,10,713",850,23,30,HIGH,149,135,0.436803717,191057,83,,7812,6.672583087
Karawal Nagar,Delhi,C-1T,"2,24,666","1,48,549",850,23,38,MEDIUM,148,112,0.138285393,190966,77,,7812,51.24033147
Mango,Jharkhand,C-1T,"2,23,805","1,66,125",905,28,35,MEDIUM,149,180,0.122320015,202544,78,,10126,34.72084274
Thanjavur,Tamil Nadu,C-1T,"2,22,943","2,15,314",907,25,30,HIGH,144,177,0.365735379,202209,66,,7906,3.543197377
Bulandshahr,Uttar Pradesh,C-1T,"2,22,519","1,76,425",864,25,39,LOW,110,100,0.091452069,192256,95,,2797,26.12668273
Uluberia,West Bengal,C-1T,"2,22,240","2,02,135",947,26,39,HIGH,120,173,0.855020561,210461,62,,9840,9.946323002
Katni,Madhya Pradesh,C-1T,"2,21,883","1,87,029",914,25,31,MEDIUM,107,173,0.999111407,202801,83,,571,18.63561266
Sambhal,Uttar Pradesh,C-1T,"2,20,813","1,82,478",891,23,30,LOW,113,123,0.463428529,196744,79,,1845,21.00801192
Singrauli,Madhya Pradesh,C-1T,"2,20,257","1,85,190",922,27,33,HIGH,100,197,0.175012139,203077,50,,438,18.93568767
Nadiad,Gujarat,C-1T,"2,18,095","1,92,913",866,26,37,HIGH,124,113,0.646468197,188870,98,,8997,13.05355264
Secunderabad,Telangana,C-1T,"2,17,910","2,06,102",934,26,27,LOW,115,197,0.437541636,203528,74,,9705,5.729202046
Naihati,West Bengal,C-1T,"2,17,900","2,15,303",955,26,38,HIGH,110,111,0.754768842,208095,72,,9923,1.206207066
Yamunanagar,Haryana,C-1T,"2,16,677","1,89,696",843,24,27,MEDIUM,115,186,0.298301185,182659,99,,2601,14.22328357
Bidhannagar,West Bengal,C-1T,"2,15,514","1,64,221",951,26,28,MEDIUM,119,150,0.662731398,204954,56,,9881,31.23412962
Pallavaram,Tamil Nadu,C-1T,"2,15,417","1,44,623",917,24,38,LOW,113,180,0.631001973,197537,74,,8795,48.95072015
Bidar,Karnataka,C-1T,"2,14,373","1,72,877",922,25,31,MEDIUM,102,137,0.917053409,197652,82,,5261,24.00319302
Munger,Bihar,C-1T,"2,13,303","1,88,050",918,25,39,LOW,114,129,0.330908387,195812,72,,9171,13.4288753
Panchkula,Haryana,C-1T,"2,11,355","1,40,925",839,27,36,HIGH,135,135,0.239104648,177327,70,,3632,49.97693809
Burhanpur,Madhya Pradesh,C-1T,"2,10,886","1,93,725",918,27,27,HIGH,138,107,0.754046053,193593,79,,595,8.858433346
Raurkela Industrial Township,Odisha,C-1T,"2,10,317","2,06,693",962,27,29,MEDIUM,121,184,0.509143438,202325,79,,10380,1.75332498
Kharagpur,West Bengal,C-1T,"2,07,604","1,88,761",961,29,31,HIGH,150,161,0.333383886,199507,92,,11137,9.982464598
Dindigul,Tamil Nadu,C-1T,"2,07,327","1,96,955",908,23,26,LOW,132,176,0.084296935,188253,50,,7681,5.266177553
Gandhinagar,Gujarat,C-1T,"2,06,167","1,95,985",845,29,35,LOW,127,129,0.715780327,174211,74,,9792,5.195295558
Hospet,Karnataka,C-1T,"2,06,167","1,64,240",921,29,40,HIGH,100,109,0.186327053,189880,87,,10673,25.52788602
Nangloi Jat,Delhi,C-1T,"2,05,596","1,50,948",874,28,27,LOW,102,197,0.316228501,179691,51,,9779,36.2031958
Malda,West Bengal,C-1T,"2,05,521","1,61,456",955,27,35,HIGH,137,117,0.645689095,196273,92,,5368,27.29226538
Ongole,Andhra Pradesh,C-1T,"2,04,746","1,50,471",925,29,33,HIGH,132,181,0.431225417,189390,76,,10720,36.0700733
Deoghar,Jharkhand,C-1T,"2,03,123","1,12,525",897,25,29,MEDIUM,110,141,0.342547485,182201,92,,1689,80.51366363
Chapra,Bihar,C-1T,"2,02,352","79,190",926,27,38,LOW,138,113,0.672194787,187378,72,,9991,155.527213
Haldia,West Bengal,C-1T,"2,00,827","1,70,673",945,25,28,MEDIUM,124,111,0.768494534,189782,58,,9441,17.66770374
Khandwa,Madhya Pradesh,C-1T,"2,00,738","1,72,242",923,24,32,HIGH,125,193,0.89971729,185281,88,,1121,16.54416461
Nandyal,Andhra Pradesh,C-1T,"2,00,516","1,52,676",920,25,31,LOW,121,181,0.690845938,184475,99,,9191,31.33432891
Morena,Madhya Pradesh,C-1T,"2,00,482","1,50,959",922,26,28,LOW,119,156,0.66769474,184844,92,,2220,32.80559622
Amroha,Uttar Pradesh,C-1T,"1,98,471","1,65,129",881,26,40,MEDIUM,120,173,0.62484309,174853,51,,2081,20.19148666
Anand,Gujarat,C-1T,"1,98,282","1,30,685",852,26,38,LOW,104,105,0.894537729,168936,89,,8852,51.72514061
Bhind,Madhya Pradesh,C-1T,"1,97,585","1,53,752",928,24,29,HIGH,136,163,0.331701764,183359,53,,677,28.50889745
Bhalswa Jahangir Pur,Delhi,C-1T,"1,97,148","1,52,339",868,28,33,HIGH,138,164,0.079795683,171124,95,,9712,29.41400429
Madhyamgram,West Bengal,C-1T,"1,96,127","1,55,451",945,25,37,LOW,148,191,0.955389347,185340,50,,9441,26.16644473
Bhiwani,Haryana,C-1T,"1,96,057","1,69,531",826,27,40,MEDIUM,136,145,0.97770421,161943,99,,8911,15.64669588
Berhampore,West Bengal,C-1T,"1,95,223","1,60,143",958,29,29,MEDIUM,150,105,0.228309896,187024,50,,11103,21.90542203
Ambala,Haryana,C-1T,"1,95,153","1,39,279",822,24,33,HIGH,106,116,0.05375761,160416,72,,7883,40.11660049
Morbi,Gujarat,C-1T,"1,94,947","1,45,719",871,26,39,HIGH,116,152,0.809430893,169799,97,284973,9049,33.78282859
Fatehpur,Uttar Pradesh,C-1T,"1,93,193","1,51,757",871,25,33,LOW,138,112,0.378425177,168271,94,3104060,1692,27.30417707
Raebareli,Uttar Pradesh,C-1T,"1,91,316","1,69,333",883,26,29,MEDIUM,127,179,0.450255944,168932,96,3104060,9174,12.98211217
"Khora, Ghaziabad",Uttar Pradesh,C-1T,"1,90,400","1,29,564",882,23,29,MEDIUM,134,150,0.173540312,167933,68,3104060,8107,46.95440091
Chittoor,Andhra Pradesh,C-1T,"1,89,332","1,52,654",881,25,27,LOW,107,115,0.916722679,166801,58,237854,8801,24.02688433
Bhusawal,Maharashtra,C-1T,"1,87,421","1,72,372",886,26,36,HIGH,102,171,0.179527298,166055,89,4408916,9205,8.730536282
Orai,Uttar Pradesh,C-1T,"1,87,137","1,39,318",891,27,30,LOW,122,161,0.843303917,166739,84,3104060,9613,34.3236337
Bahraich,Uttar Pradesh,C-1T,"1,86,223","1,68,323",885,24,40,LOW,129,113,0.490878699,164807,84,3104060,2473,10.63431617
Phusro,Jharkhand,C-1T,"1,86,139","83,463",906,27,35,LOW,113,195,0.044702906,168642,62,167785,9775,123.0197812
Vellore,Tamil Nadu,C-1T,"1,85,803","1,77,230",923,26,33,HIGH,130,129,0.304590584,171496,58,4684707,12234,4.837217175
Mehsana,Gujarat,C-1T,"1,84,991","1,41,453",847,26,25,LOW,131,128,0.931718037,156687,97,284973,8800,30.77912805
Raiganj,West Bengal,C-1T,"1,83,612","1,65,212",948,28,25,MEDIUM,103,171,0.815231989,174064,63,1489500,10608,11.13720553
Sirsa,Haryana,C-1T,"1,82,534","1,60,735",825,27,40,HIGH,148,119,0.936415732,150591,61,303118,8901,13.56207422
Danapur,Bihar,C-1T,"1,82,429","1,31,176",913,26,34,MEDIUM,140,185,0.158182706,166558,97,923737,9486,39.07193389
Serampore,West Bengal,C-1T,"1,81,842","1,97,857",948,26,32,MEDIUM,118,167,0.038238772,172386,83,1489500,9850,-8.094229671
Sultan Pur Majra,Delhi,C-1T,"1,81,554","1,64,426",870,24,30,HIGH,117,129,0.34608855,157952,90,2379169,8344,10.41684405
Guna,Madhya Pradesh,C-1T,"1,80,935","1,37,175",935,29,38,LOW,145,168,0.806395008,169174,67,421365,428,31.90085657
Jaunpur,Uttar Pradesh,C-1T,"1,80,362","1,60,055",884,28,38,MEDIUM,101,200,0.856761967,159440,86,3104060,4236,12.68751367
Panvel,Maharashtra,C-1T,"1,80,020","1,04,058",885,23,30,HIGH,,,0.397495664,159318,55,4408916,8134,72.99967326
Shivpuri,Madhya Pradesh,C-1T,"1,79,977","1,46,892",934,26,32,LOW,,,0.811957749,168099,74,421365,1450,22.52335049
Surendranagar Dudhrej,Gujarat,C-1T,"1,77,851","1,56,161",871,23,28,MEDIUM,,,0.157503757,154908,95,284973,8005,13.88951147
Unnao,Uttar Pradesh,C-1T,"1,77,658","1,44,662",861,23,26,LOW,,,0.021112683,152964,55,3104060,2713,22.80903071
Chinsurah,West Bengal,C-1T,"1,77,259","1,70,201",948,28,38,LOW,,,0.199412527,168042,58,1489500,10608,4.146861652
Alappuzha,Kerala,C-1T,"1,74,164","1,77,029",969,30,29,HIGH,,,0.641694501,168765,75,977479,7308,-1.61837891
Kottayam,Kerala,C-1T,"1,72,878","1,29,894",983,32,32,LOW,,,0.954123837,169939,65,977479,5611,33.09159776
Machilipatnam,Andhra Pradesh,C-1T,"1,69,892","1,79,353",890,28,33,HIGH,,,0.132712176,151204,91,237854,9958,-5.275072065
Shimla,Himachal Pradesh,C-1T,"1,69,578","1,42,555",937,28,13,MEDIUM,,,0.385515055,158895,85,406108,10485,18.95619235
Adoni,Andhra Pradesh,C-1T,"1,66,537","1,04,058",896,26,40,LOW,,,0.345380979,149217,88,237854,9309,60.04247631
Udupi,Karnataka,C-1T,"1,65,401","1,06,654",930,28,29,HIGH,,,0.772812955,153823,83,636502,13751,55.08185347
Katihar,Bihar,C-1T,"1,64,937","1,15,169",912,24,37,LOW,,,0.677035903,150423,68,923737,8747,43.21301739
Proddatur,Andhra Pradesh,C-1T,"1,63,600","86,896",878,25,40,HIGH,,,0.671401206,143641,80,237854,8771,88.27103664
Mahbubnagar,Telangana,C-1T,"1,58,000","1,02,453",922,28,33,HIGH,,,0.182836044,145676,79,126078,10317,54.21705563
Kallakurichi,Tamil Nadu,M,"1,57,628","1,14,045",917,27,30,LOW,,,0.312736933,144545,67,4684707,7521,38.21561664
Saharsa,Bihar,C-1T,"1,55,175","1,25,167",907,24,35,LOW,,,0.592634985,140744,74,923737,8699,23.97437024
Dibrugarh,Assam,C-1T,"1,54,296","1,37,661",916,23,15,MEDIUM,,,0.312840722,141335,53,24720,8419,12.08403251
Jorhat,Assam,C-1T,"1,53,889","1,12,026",917,29,13,HIGH,112,131,0.941821289,141116,81,24720,10627,37.36900362
Hazaribagh,Jharkhand,C-1T,"1,53,599","1,27,243",911,27,31,LOW,139,115,0.823940718,139929,91,167785,9829,20.71312371
Hindupur,Andhra Pradesh,C-1T,"1,51,835",85653,888,23,36,HIGH,125,174,0.006412195,134829,61,237854,8162,77.26757965
Khairthal,Rajasthan,M,150298,"1,02,453",874,29,27,MEDIUM,115,134,0.515756997,131360,82,1475311,10128,46.69946219
Medinipur,West Bengal,M,"1,49,769","94,585",953,25,30,MEDIUM,149,138,0.74954736,142730,63,1489500,9521,58.34328911
Nagaon,Assam,C-1T,"1,48,496","1,23,265",882,25,9,LOW,103,115,0.945262526,130973,91,24720,8811,20.46890845
Sasaram,Bihar,C-1T,"1,47,396","1,31,172",918,26,32,HIGH,144,169,0.036047587,135310,89,923737,9538,12.36849328
Hajipur,Bihar,C-1T,"1,47,200","1,19,412",926,27,25,LOW,124,133,0.49784633,136239,96,923737,9991,23.27069306
Giridih,Jharkhand,C-1T,"1,46,283","98,403",903,23,26,MEDIUM,113,146,0.090254618,129607,68,167785,8300,48.65705314
Bhimavaram,Andhra Pradesh,C-1T,"1,43,569","1,24,894",890,27,39,MEDIUM,142,127,0.928315027,126629,77,237854,9602,14.95267987
Kumbakonam,Tamil Nadu,C-1T,"1,40,519","1,44,021",919,28,28,LOW,134,133,0.678858476,128711,88,4684707,10283,-2.431589838
Bongaigaon,Assam,C-1T,"1,39,570","1,01,213",911,29,6,MEDIUM,128,172,0.949643267,127221,55,24720,10557,37.89730568
Dehri,Bihar,C-1T,"1,38,145","1,19,057",907,25,31,HIGH,112,102,0.888308105,124321,83,923737,9061,16.03265663
Madanapalle,Andhra Pradesh,C-1T,"1,35,645",95653,896,25,25,LOW,136,108,0.061380214,121559,55,237854,8951,41.8094571
Siwan,Bihar,C-1T,"1,33,563","1,09,919",925,27,35,MEDIUM,128,200,0.921276135,124374,87,923737,9980,21.51038492
Bettiah,Bihar,C-1T,"1,32,896","1,16,670",930,28,37,LOW,104,129,0.569425673,123593,59,923737,10406,13.90760264
Ramgarh,Jharkhand,C-1T,"1,32,441","73,455",897,28,35,MEDIUM,127,153,0.635264355,118800,51,167785,10036,80.30222585
Tinsukia,Assam,C-1T,"1,26,389","1,01,957",899,23,6,HIGH,102,137,0.329886606,113624,52,24720,8263,23.96304324
Guntakal,Andhra Pradesh,C-1T,"1,26,270","1,01,522",928,29,37,MEDIUM,137,138,0.262276928,117179,52,237854,10754,24.37698233
Srikakulam,Andhra Pradesh,C-1T,"1,25,939","94,585",885,23,26,HIGH,148,181,0.217714133,111456,77,237854,8134,33.1490194
Motihari,Bihar,C-1T,"1,25,183","1,00,683",916,25,38,HIGH,150,145,0.177767521,114668,67,923737,9151,24.33380015
Phagwara,Punjab,M.Corp,"1,22,302","88,450",872,24,35,MEDIUM,128,194,0.496103741,106647,100,242367,8363,38.27247032
Dharmavaram,Andhra Pradesh,C-1T,"1,21,874","1,11,265",889,25,39,MEDIUM,112,129,0.608428341,108346,96,237854,8881,9.534894172
Medininagar,Jharkhand,C-1T,"1,20,325","1,05,463",897,23,29,LOW,103,127,0.004921502,107932,71,167785,8244,14.09214606
Gudivada,Andhra Pradesh,C-1T,"1,18,167","94,544",890,24,33,LOW,101,125,0.735504662,105169,99,237854,8536,24.98624979
Phagwara,Punjab,C-1T,"1,17,966","83,463",874,27,33,HIGH,139,178,0.386768276,103102,62,242367,9430,41.33927609
Hosur,Tamil Nadu,C-1T,"1,16,821","1,02,000",904,29,34,MEDIUM,142,182,0.847106798,105606,71,4684707,10476,14.53039216
Narasaraopet,Andhra Pradesh,C-1T,"1,16,250","1,05,642",902,26,28,LOW,134,184,0.45085725,104858,90,237854,9372,10.04146078
Suryapet,Telangana,C-1T,"1,15,250","94,585",917,25,31,MEDIUM,144,150,0.774083237,105684,58,126078,3148,21.84807316
Miryalaguda,Telangana,C-1T,"1,09,891","91,395",937,23,35,MEDIUM,140,110,0.021000408,102968,54,126078,8612,20.23743093
Tadipatri,Andhra Pradesh,C-1T,"1,08,171","94,256",899,23,29,HIGH,116,178,0.684681386,97246,52,237854,8263,14.76298591
Karaikudi,Tamil Nadu,C-1T,"1,06,714","86,596",916,26,36,HIGH,141,143,0.896985855,97750,88,4684707,9517,23.23201995
Kishanganj,Bihar,C-1T,"1,05,782","85,590",922,24,32,MEDIUM,105,181,0.662749562,97531,62,923737,8843,23.59154107
Jamalpur,Bihar,C-1T,"1,05,221","96,983",903,23,30,LOW,107,119,0.780508156,95015,74,923737,8300,8.494272192
Ballia,Uttar Pradesh,C-1T,"1,04,271","94,526",869,28,38,HIGH,101,120,0.265044216,90611,84,3104060,4764,10.30933288
Kavali,Andhra Pradesh,C-1T,"1,04,000","92,564",895,24,26,MEDIUM,145,174,0.794026337,93080,69,237854,8584,12.35469513
Tadepalligudem,Andhra Pradesh,C-1T,"1,03,906","89,564",879,29,37,HIGH,125,188,0.650818141,91333,97,237854,10186,16.01313028
Amaravati,Andhra Pradesh,C-1T,"1,03,000",85653,875,28,29,HIGH,120,169,0.518860049,90125,80,237854,9790,20.25264731
Buxar,Bihar,C-1T,"1,02,591","83,168",916,27,29,HIGH,109,108,0.816035195,93973,56,923737,9883,23.35393421
Tezpur,Assam,C-1T,"1,02,505","83,028",904,29,8,MEDIUM,104,110,0.510582405,92665,60,24720,10476,23.4583514
Jehanabad,Bihar,C-1T,"1,02,456","81,503",919,28,33,MEDIUM,145,156,0.2702193,94157,51,923737,10283,25.70825614
Aurangabad,Bihar,C-1T,"1,01,520","79,393",903,25,31,MEDIUM,122,130,0.430665285,91673,60,923737,27667,27.87021526
Gangtok,Sikkim,C-1T,"1,00,286","29,354",889,23,,LOW,103,170,0.120447913,89154,92,38479,8171,241.6433876
Tirur,Kerala,M,"1,00,058",,963,29,36,MEDIUM,59,170,0.957538679,96356,22,977479,2790,29.0798451
Port Blair,Andaman and Nicobar Islands,M.Cl,"99,984",,876,29,,HIGH,90,148,0.8528719,87586,15,14674,2538,16.42975858
Lakhisarai,Bihar,N.P,"99,979",,901,28,32,MEDIUM,96,104,0.704088944,90081,27,923737,2520,31.6182944
Panaji,Goa,UA,"99,677",,982,30,29,MEDIUM,99,126,0.730156535,97883,10,541480,2943,31.6182944
Tinsukia,Assam,M.B.,"99,448",,915,25,8,MEDIUM,96,184,0.264396623,90995,15,24720,2285,31.6182944
Itarsi,Madhya Pradesh,M,"99,329",,923,27,33,LOW,96,178,0.753153719,91681,16,421365,2490,29.0798451
Kohima,Nagaland,M.C,"99,039",,926,25,11,HIGH,92,109,0.948055328,91710,13,2769,1531,11.42467203
Balangir,Odisha,M,"98,238",,,,,MEDIUM,99,108,0.85249311,93031,27,66971,2676,29.0798451
Nawada,Bihar,N.Pd,"98,029",,,,,MEDIUM,75,172,0.769372595,89402,20,923737,2551,31.6182944
Jharsuguda,Odisha,M,"97,730",,,,,HIGH,56,153,0.480670073,92844,14,66971,2276,29.0798451
Gadwal,Telangana,M,"96,877",,,,,MEDIUM,92,131,0.251361715,89805,30,126078,2686,29.0798451
Jagtial,Telangana,M,"96,470",,,,,HIGH,70,143,0.652641642,89910,13,126078,2797,29.0798451
Viluppuram,Tamil Nadu,M,"96,253",,,,,LOW,87,116,0.424913996,88264,30,4684707,8990,29.0798451
Amalner,Maharashtra,M.Cl.,"95,994",,881,28,35,MEDIUM,94,149,0.477545947,84571,10,4408916,2464,16.42975858
Zirakpur,Punjab,M.Cl.,"95,553",,878,24,28,MEDIUM,53,141,0.609382026,83896,30,242367,2105,16.42975858
Tanda,Uttar Pradesh,M.B,"95,516",,861,24,27,HIGH,56,176,0.727641216,82239,14,3104060,2064,31.6182944
Tiruchengode,Tamil Nadu,M,"95,335",,917,26,35,LOW,88,198,0.039670454,87422,15,4684707,2382,29.0798451
Nagina,Uttar Pradesh,N.P.P,"95,246",,872,24,37,HIGH,90,193,0.504994059,83055,12,3104060,2091,31.6182944
Yemmiganur,Andhra Pradesh,M,"95,149",,904,25,36,HIGH,52,193,0.621372395,86015,27,237854,2258,29.0798451
Vaniyambadi,Tamil Nadu,M,"95,061",,913,24,38,HIGH,84,166,0.196965299,86791,28,4684707,2189,29.0798451
Sarni,Madhya Pradesh,M,"95,012",,926,24,34,MEDIUM,83,173,0.339120437,87981,16,421365,2220,29.0798451
Theni Allinagaram,Tamil Nadu,M,"94,453",,923,23,40,HIGH,66,189,0.425948408,87180,30,4684707,2121,29.0798451
Margao,Goa,UA,"94,383",,973,31,33,HIGH,88,188,0.654063743,91835,18,541480,3014,31.6182944
Akot,Maharashtra,M.Cl.,"92,637",,886,29,37,LOW,69,187,0.108214992,82076,30,4408916,2567,16.42975858
Sehore,Madhya Pradesh,UA,"92,518",,935,24,38,HIGH,70,118,0.394321081,86504,30,421365,947,31.6182944
Mhow Cantonment,Madhya Pradesh,UA,"92,364",,913,26,33,MEDIUM,97,121,0.075472117,84328,25,421365,2372,31.6182944
Kot Kapura,Punjab,M.Cl,"91,979",,871,29,28,LOW,83,125,0.508608065,80114,17,242367,2523,16.42975858
Makrana,Rajasthan,UA,"91,853",,865,26,30,MEDIUM,73,107,0.009398607,79453,15,1475311,2247,31.6182944
Pandharpur,Maharashtra,M.Cl,"91,379",,885,25,35,LOW,88,156,0.623502899,80870,12,4408916,2210,16.42975858
Miryalaguda,Telangana,UA,"91,452",,934,24,38,HIGH,55,186,0.243639829,85329,27,126078,2240,31.6182944
Shamli,Uttar Pradesh,M.B,"91,044",,877,26,32,LOW,57,124,0.957250255,78978,20,3104060,1591,31.6182944
Seoni,Madhya Pradesh,M,"91,028",,917,23,37,MEDIUM,92,116,0.184795505,82348,15,421365,358,29.0798451
Ranibennur,Karnataka,CMC,"90,845",,952,26,37,HIGH,99,179,0.166082103,85316,11,636502,2473,31.6182944
Kadiri,Andhra Pradesh,M,"90,766",,929,28,37,LOW,57,116,0.944237107,83080,15,237854,2599,29.0798451
Shrirampur,Maharashtra,UA,90726,,880,27,25,LOW,89,101,0.085675055,78110,16,4408916,2374,31.6182944
Parli,Maharashtra,M.Cl,90451,,887,28,35,LOW,95,129,0.079173227,78532,22,4408916,2481,16.42975858
Najibabad,Uttar Pradesh,M.B,"90,024",,886,26,34,MEDIUM,51,169,0.561185127,78442,18,3104060,2301,31.6182944
Nirmal,Telangana,M,"89,240",,936,27,30,HIGH,69,197,0.874702855,82773,12,126078,1043,29.0798451
Udhagamandalam,Tamil Nadu,M,"88,430",,918,29,27,HIGH,62,178,0.028635293,81179,16,4684707,2660,29.0798451
Shikohabad,Uttar Pradesh,M.B,"88,161",,871,26,35,HIGH,78,182,0.456915754,76788,15,3104060,2262,31.6182944
Jhumri Tilaiya,Jharkhand,N.P,"87,867",,902,26,37,HIGH,52,147,0.903548749,79256,23,167785,2343,31.6182944
Aruppukkottai,Tamil Nadu,M,"87,722",,902,28,25,MEDIUM,91,103,0.263113014,79125,23,4684707,2523,29.0798451
Ponnani,Kerala,M,"87,495",,974,31,25,MEDIUM,63,182,0.130208023,85220,24,977479,3017,29.0798451
Jamui,Bihar,N.P,"87,357",,909,27,26,LOW,80,158,0.368509736,79408,18,923737,2452,31.6182944
Sitamarhi,Bihar,UA,"87,279",,922,28,38,HIGH,67,197,0.712490276,80471,29,923737,2579,31.6182944
Chirala,Andhra Pradesh,M,"87,200",,896,28,34,HIGH,76,195,0.769452386,78131,10,237854,2506,29.0798451
Anjar,Gujarat,M,"87,183",,853,28,40,LOW,91,141,0.206604802,74367,18,284973,2386,29.0798451
Karaikal,Puducherry,M,"86,838",,1036,26,25,LOW,100,,,,13,106153,1222,29.0798451
Hansi,Haryana,M.Cl,"86,770",,843,26,31,HIGH,87,,,,18,303118,2190,16.42975858
Anakapalle,Andhra Pradesh,M,"86,519",,924,23,37,LOW,68,,,,13,237854,2123,31.6182944
Mahasamund,Chhattisgarh,M,"85,650",,961,23,38,MEDIUM,66,,,,16,6394,2208,31.6182944
Faridkot,Punjab,M.Cl,"85,435",,894,27,37,HIGH,72,,,,10,242367,1775,16.42975858
Saunda,Jharkhand,C.T,"85,075",,899,29,36,MEDIUM,88,,,,27,167785,2605,31.6182944
Dhoraji,Gujarat,M,"84,545",,864,23,30,LOW,70,,,,14,284973,1985,29.0798451
Paramakudi,Tamil Nadu,M,"84,321",,902,28,30,HIGH,61,,,,18,4684707,2523,29.0798451
Balaghat,Madhya Pradesh,M,"84,261",,928,23,27,HIGH,91,,,,17,421365,472,29.0798451
Sujangarh,Rajasthan,M,"83,846",,865,29,40,MEDIUM,91,,,,22,1475311,2506,29.0798451
Khambhat,Gujarat,M,"83,715",,841,24,34,LOW,51,,,,14,284973,2016,29.0798451
Muktsar,Punjab,M.Cl,"83,655",,870,24,38,MEDIUM,60,,,,15,242367,2086,16.42975858
Rajpura,Punjab,M.Cl,"82,956",,883,28,34,HIGH,86,,,,13,242367,2470,16.42975858
Kavali,Andhra Pradesh,M,"82,336",,927,23,30,LOW,58,,,,14,237854,2130,29.0798451
Dhamtari,Chhattisgarh,M,"82,111",,963,26,29,HIGH,99,,,,26,6394,2502,29.0798451
Ashok Nagar,Madhya Pradesh,M,"81,828",,918,25,36,LOW,75,,,,28,421365,2293,29.0798451
Sardarshahar,Rajasthan,M,"81,394",,861,23,31,LOW,90,,,,11,1475311,1978,29.0798451
Bargarh,Odisha,M,"80,625",,953,26,39,HIGH,55,,,,23,66971,4038,29.0798451
Kamareddy,Telangana,M,"80,315",,938,26,33,LOW,57,,,,16,126078,2820,29.0798451
Sahibganj,Jharkhand,M,"80,154",,891,25,36,HIGH,57,,,,25,167785,2225,29.0798451
Cooch Behar,West Bengal,M,"79,885",,945,27,35,MEDIUM,50,,,,20,1489500,4025,29.0798451
Kothagudem,Telangana,M,"79,819",,926,23,35,LOW,63,,,,30,126078,2128,29.0798451
Ramanagaram,Karnataka,CMC,"79,394",,931,24,29,LOW,92,,,,29,636502,2232,31.6182944
Gokak,Karnataka,C.M.C,"79,121",,946,29,28,LOW,89,,,,18,636502,2741,31.6182944
Tikamgarh,Madhya Pradesh,M,"79,106",,925,25,28,LOW,86,,,,15,421365,525,31.6182944
Araria,Bihar,N.P.,"79,021",,921,24,30,MEDIUM,100,,,,17,923737,2208,31.6182944
Rishikesh,Uttarakhand,UA,"78,805",,835,23,11,LOW,85,,,,13,105882,1919,31.6182944
Shahdol,Madhya Pradesh,M,"78,624",,923,26,31,MEDIUM,73,,,,26,421365,779,29.0798451
Medininagar (Daltonganj),Jharkhand,Nagar Parishad,"78,396",,897,23,31,HIGH,99,,,,26,167785,2061,31.6182944
Arakkonam,Tamil Nadu,M,"78,395",,902,24,31,LOW,75,,,,27,4684707,2163,29.0798451
Washim,Maharashtra,M.Cl.,"78,387",,871,25,33,HIGH,69,,,,12,4408916,2175,16.42975858
Sangrur,Punjab,M.Cl,"77,989",,872,25,28,MEDIUM,96,,,,13,242367,2600,16.42975858
Bodhan,Telangana,M,"77,553",,933,28,25,HIGH,94,,,,30,126078,2610,29.0798451
Fazilka,Punjab,M.Cl,"76,492",,874,23,39,MEDIUM,77,,,,22,242367,1277,16.42975858
Keshod,Gujarat,M,"76,193",,841,26,29,HIGH,85,,,,27,284973,2184,29.0798451
Chintamani,Karnataka,C.M.C,"76,068",,952,28,40,MEDIUM,70,,,,15,636502,2663,31.6182944
Sullurpeta,Andhra Pradesh,M,"75,925",,912,24,38,LOW,56,,,,27,237854,2187,29.0798451
Wadhwan,Gujarat,M,"75,755",,851,26,26,LOW,93,,,,17,284973,2210,29.0798451
Gurdaspur,Punjab,M.Cl,"75,549",,881,25,30,LOW,75,,,,10,242367,3598,16.42975858
Vatakara,Kerala,M,"75,295",,971,28,26,MEDIUM,53,,,,26,977479,2716,29.0798451
Tura,Meghalaya,M,"74,858",,991,29,7,LOW,54,,,,26,8027,2871,29.0798451
Narnaul,Haryana,M.Cl,"74,581",,843,23,36,LOW,61,,,,22,303118,1937,16.42975858
Kharar,Punjab,M.Cl,"74,460",,872,28,33,MEDIUM,50,,,,14,242367,2439,16.42975858
Yadgir,Karnataka,C.M.C,"74,294",,945,27,28,LOW,97,,,,16,636502,2549,31.6182944
Ambejogai,Maharashtra,M.Cl.,"73,975",,880,27,27,MEDIUM,65,,,,22,4408916,2374,16.42975858
Ankleshwar,Gujarat,M,"73,928",,849,28,35,HIGH,92,,,,10,284973,2375,29.0798451
Savarkundla,Gujarat,M,"73,774",,860,25,38,LOW,91,,,,11,284973,2148,29.0798451
Paradip,Odisha,N.A.C,"73,625",,949,25,30,HIGH,96,,,,29,66971,2370,31.6182944
Virudhachalam,Tamil Nadu,M,"73,585",,923,28,26,LOW,75,,,,13,4684707,2582,29.0798451
Kanhangad,Kerala,M,"73,456",,981,28,31,MEDIUM,100,,,,28,977479,2744,29.0798451
Kadi,Gujarat,M,"73,426",,841,24,33,HIGH,55,,,,19,284973,2016,29.0798451
Srivilliputhur,Tamil Nadu,M,"73,364",,923,24,25,MEDIUM,88,,,,20,4684707,2213,31.6182944
Gobindgarh,Punjab,M.Cl.,73342,,871,29,26,MEDIUM,68,,,,21,242367,2523,16.42975858
Tindivanam,Tamil Nadu,M,"73,048",,904,25,27,LOW,85,,,,14,4684707,2258,29.0798451
Karunagappally,Kerala,M,"72,891",,965,30,30,HIGH,66,,,,17,977479,2892,29.0798451
Mansa,Punjab,M.Cl,72648,,900,26,27,MEDIUM,76,,,,25,242367,900,16.42975858
Taliparamba,Kerala,M,"72,465",,966,30,25,LOW,88,,,,26,977479,2895,29.0798451
Manmad,Maharashtra,M.Cl,"72,401",,890,28,40,LOW,84,,,,11,4408916,2490,16.42975858
Tanuku,Andhra Pradesh,M,"72,348",,905,26,31,MEDIUM,98,,,,18,237854,2351,29.0798451
Rayachoti,Andhra Pradesh,C.T,"72,297",,914,24,33,HIGH,76,,,,24,237854,2192,31.6182944
Virudhunagar,Tamil Nadu,M,"72,296",,902,27,35,LOW,74,,,,22,4684707,13576,29.0798451
Koyilandy,Kerala,M,"71,873",,967,31,36,LOW,100,,,,18,977479,2995,29.0798451
Jorhat,Assam,MB,"71,782",,916,27,5,HIGH,100,,,,23,24720,2471,31.6182944
Karur,Tamil Nadu,M,"70,980",,920,24,37,LOW,82,,,,26,4684707,2053,29.0798451
Valparai,Tamil Nadu,M,"70,859",,911,24,40,LOW,74,,,,16,4684707,2184,29.0798451
Srikalahasti,Andhra Pradesh,M,"70,854",,905,27,35,HIGH,77,,,,15,237854,2441,29.0798451
Neyyattinkara,Kerala,M,"70,850",,972,30,35,HIGH,53,,,,20,977479,2913,29.0798451
Bapatla,Andhra Pradesh,M,"70,777",,889,29,38,MEDIUM,100,,,,19,237854,2576,29.0798451
Fatehabad,Haryana,M Cl,"70,777",,828,23,36,LOW,93,,,,24,303118,1902,16.42975858
Malout,Punjab,M.Cl,"70,765",,884,23,31,LOW,64,,,,24,242367,2031,16.42975858
Sankarankovil,Tamil Nadu,M,"70,574",,916,28,25,HIGH,90,,,,28,4684707,2562,29.0798451
Tenkasi,Tamil Nadu,M,"70,545",,921,26,33,LOW,63,,,,30,4684707,6092,29.0798451
Ratnagiri,Maharashtra,M.Cl,"70,383",,873,27,26,LOW,62,,,,28,4408916,2355,16.42975858
Rabkavi Banhatti,Karnataka,CMC,"70,248",,930,24,30,LOW,71,,,,12,636502,2230,31.6182944
Sikandrabad,Uttar Pradesh,M.B,"69,867",,875,25,34,LOW,74,,,,25,3104060,2185,31.6182944
Chaibasa,Jharkhand,N.P.P,"69,565",,910,28,38,HIGH,89,,,,10,167785,2546,31.6182944
Chirmiri,Chhattisgarh,M.Corp.,"69,307",,957,26,40,LOW,93,,,,14,6394,2486,31.6182944
Palwancha,Telangana,M,"69,088",,927,25,35,HIGH,74,,,,15,126078,2315,29.0798451
Bhawanipatna,Odisha,M,"69,045",,940,28,30,HIGH,62,,,,13,66971,2630,29.0798451
Kayamkulam,Kerala,M,"68,634",,973,30,26,MEDIUM,74,,,,27,977479,2916,29.0798451
Pithampur,Madhya Pradesh,N.P,"68,080",,923,29,30,HIGH,81,,,,29,421365,2674,31.6182944
Nabha,Punjab,M.Cl,"67,972",,887,29,25,HIGH,81,,,,10,242367,2570,16.42975858
"Shahabad, Hardoi",Uttar Pradesh,M.B,"67,751",,883,23,34,LOW,66,,,,13,3104060,2029,31.6182944
Dhenkanal,Odisha,M,"67,414",,955,25,27,MEDIUM,61,,,,22,66971,2398,29.0798451
Uran Islampur,Maharashtra,M.Cl,"67,391",,892,28,26,MEDIUM,71,,,,16,4408916,2495,31.6182944
Gopalganj,Bihar,N.P,"67,339",,922,23,38,LOW,63,,,,11,923737,2119,31.6182944
Bongaigaon City,Assam,MB,"67,322",,891,27,10,LOW,58,,,,14,24720,2403,31.6182944
Palani,Tamil Nadu,M,"67,231",,906,27,25,LOW,70,,,,23,4684707,2444,29.0798451
Pusad,Maharashtra,M.Cl,"67,116",,883,27,29,HIGH,51,,,,30,4408916,2382,16.42975858
Sopore,Jammu and Kashmir,UA,"66,963",,906,28,15,HIGH,93,,,,27,58568,2534,31.6182944
Pilkhuwa,Uttar Pradesh,M.B,"66,907",,863,23,28,MEDIUM,54,,,,17,3104060,1983,31.6182944
Tarn Taran,Punjab,M.Cl,"66,847",,887,25,25,MEDIUM,72,,,,23,242367,1103,16.42975858
Renukoot,Uttar Pradesh,UA,"66,597",,880,26,34,LOW,88,,,,28,3104060,2286,31.6182944
Mandamarri,Telangana,M,"66,596",,926,25,33,MEDIUM,86,,,,24,126078,2313,29.0798451
Shahabad,Karnataka,UA,"66,550",,932,28,25,MEDIUM,89,,,,10,636502,2607,31.6182944
Barbil,Odisha,M,"66,540",,959,27,39,HIGH,99,,,,17,66971,2587,29.0798451
Koratla,Telangana,M,"66,504",,932,27,29,MEDIUM,67,,,,14,126078,2514,29.0798451
Madhubani,Bihar,M,"66,340",,924,28,37,MEDIUM,91,,,,22,923737,2585,29.0798451
Arambagh,West Bengal,M,"66,175",,948,29,37,MEDIUM,79,,,,12,1489500,2747,29.0798451
Puliyankudi,Tamil Nadu,M,"66,000",,910,25,36,LOW,65,,,,23,4684707,2273,29.0798451
Gohana,Haryana,M.C,"65,708",,843,27,34,MEDIUM,59,,,,21,303118,2274,11.42467203
Ladnu,Rajasthan,M,"65,575",,862,24,30,HIGH,82,,,,19,1475311,2067,29.0798451
Pattukkottai,Tamil Nadu,M,"65,533",,916,24,27,MEDIUM,61,,,,26,4684707,2196,29.0798451
Sirsi,Karnataka,UA,"65,335",,952,27,30,MEDIUM,56,,,,27,636502,2568,31.6182944
Sircilla,Telangana,M,"65,314",,935,24,30,MEDIUM,75,,,,13,126078,2242,29.0798451
Tamluk,West Bengal,M,"65,306",,946,25,26,LOW,97,,,,26,1489500,2363,29.0798451
Jagraon,Punjab,M.Cl,"65,240",,899,27,29,HIGH,79,,,,11,242367,2425,16.42975858
Alirajpur,Madhya Pradesh,M,"65,232",,930,25,25,MEDIUM,98,,,,21,421365,2323,29.0798451
Alipurduar,West Bengal,M,"65,232",,957,27,29,LOW,62,,,,13,1489500,3076,29.0798451
Tandur,Telangana,M,"65,115",,924,29,28,MEDIUM,54,,,,26,126078,2677,29.0798451
Naidupet,Andhra Pradesh,M,"65,000",,902,23,36,LOW,85,,,,23,237854,2073,29.0798451
Tiruppur,Tamil Nadu,U.A,"64,725",,911,23,31,LOW,65,143,0.435588922,58964,14,4684707,4066,31.6182944
Tirupathur,Tamil Nadu,M,"64,125",,922,25,33,HIGH,82,105,0.507363139,59123,10,4684707,3506,29.0798451
Tohana,Haryana,M.C,"63,871",,842,28,34,MEDIUM,68,152,0.19366687,53779,23,303118,2355,11.42467203
Chikkaballapur,Karnataka,C.M.C,"63,652",,934,24,38,LOW,61,159,0.048153771,59451,11,636502,2240,31.6182944
Ratangarh,Rajasthan,M,"63,486",,855,29,32,HIGH,58,154,0.210722518,54281,27,1475311,2477,29.0798451
Dhubri,Assam,M.B,"63,388",,888,24,9,MEDIUM,89,130,0.096513624,56289,15,24720,2129,31.6182944
Masaurhi,Bihar,N.Pd,"63,248",,928,24,25,LOW,72,175,0.698658017,58694,29,923737,2225,31.6182944
Visnagar,Gujarat,M,"63,073",,843,26,26,MEDIUM,67,148,0.329043735,53171,15,284973,2190,29.0798451
Vrindavan,Uttar Pradesh,M.B,"63,005",,865,24,35,HIGH,80,109,0.938964612,54499,26,3104060,2074,31.6182944
Nokha,Rajasthan,M,"62,699",,872,29,31,LOW,52,156,0.275044602,54674,29,1475311,2526,29.0798451
Nagari,Andhra Pradesh,M,"62,253",,913,23,32,HIGH,65,118,0.913942839,56837,24,237854,2098,29.0798451
Chidambaram,Tamil nadu,T,"62,153",,907,29,34,LOW,74,143,0.43898665,56373,13,4684707,2628,31.6182944
Narwana,Haryana,M.Cl,"62,090",,829,29,35,LOW,79,148,0.237881435,51473,19,303118,2402,16.42975858
Ramanathapuram,Tamil Nadu,M,"62,050",,920,26,30,MEDIUM,62,148,0.165496323,57086,10,4684707,5132,29.0798451
Ujhani,Uttar Pradesh,N.P.P.,"62,039",,865,25,39,HIGH,70,110,0.717955585,53664,16,3104060,2160,31.6182944
Samastipur,Bihar,UA,"61,998",,914,26,35,HIGH,65,199,0.697652843,56666,12,923737,2374,31.6182944
Laharpur,Uttar Pradesh,N.P.P,"61,990",,886,27,30,MEDIUM,65,164,0.869022293,54923,13,3104060,2390,31.6182944
Sangamner,Maharashtra,M.Cl,"61,958",,884,29,26,LOW,52,186,0.794047902,54771,26,4408916,2561,16.42975858
Nimbahera,Rajasthan,M,"61,949",,871,28,26,LOW,95,199,0.778654102,53958,29,1475311,2436,29.0798451
Siddipet,Telangana,M,"61,809",,926,27,36,LOW,57,162,0.234731359,57235,11,126078,3151,29.0798451
Suri,West Bengal,M,"61,806",,949,29,40,LOW,85,149,0.191965205,58654,22,1489500,2750,29.0798451
Diphu,Assam,T.C,"61,797",,889,29,7,HIGH,95,124,0.086142892,54938,26,24720,2576,31.6182944
Jhargram,West Bengal,M,"61,712",,946,27,27,HIGH,75,179,0.658050716,58380,20,1489500,334,29.0798451
Shirpur-Warwade,Maharashtra,M.Cl,"61,694",,872,28,28,MEDIUM,87,155,0.94603355,53797,14,4408916,2439,16.42975858
Thrippunithura,Kerala,M,"61,632",,968,30,37,HIGH,98,188,0.746829105,59660,10,977479,2901,29.0798451
Thrissur,Kerala,M,"61,632",,967,32,30,HIGH,53,167,0.900663224,59598,13,977479,3092,29.0798451
Tilhar,Uttar Pradesh,N.P.P.,"61,444",,872,27,28,MEDIUM,65,197,0.216427325,53579,11,3104060,2352,31.6182944
Sindhnur,Karnataka,T.M.C,"61,262",,934,29,26,HIGH,74,106,0.391089908,57219,13,636502,2706,31.6182944
Udumalaipettai,Tamil Nadu,M,"61,133",,914,25,32,LOW,83,138,0.134305617,55876,29,4684707,2283,29.0798451
Malkapur,Maharashtra,M.Cl,"61,012",,890,28,37,LOW,53,145,0.251915873,54301,22,4408916,2490,16.42975858
Wanaparthy,Telangana,M,"61,006",,938,25,30,HIGH,84,187,0.384865364,57170,28,126078,1634,29.0798451
Gudur,Andhra Pradesh,M,"60,854",,896,26,33,LOW,55,169,0.711058208,54320,25,237854,2327,29.0798451
Kendujhar,Odisha,M,"60,791",,942,24,33,LOW,63,124,0.106190388,57076,10,66971,2259,29.0798451
Mandla,Madhya Pradesh,UA,60653,,911,28,35,LOW,76,178,0.841243786,55154,26,421365,2548,31.6182944
Piler,Andhra Pradesh,C.T,"60,644",,919,25,34,HIGH,70,154,0.516791006,55373,23,237854,2295,31.6182944
Nedumangad,Kerala,M,"60,438",,959,30,38,HIGH,65,115,0.984891145,57694,25,977479,2874,29.0798451
Gunupur,Odisha,M,"60,254",,943,25,35,MEDIUM,95,139,0.465529344,56580,23,66971,2355,29.0798451
North Lakhimpur,Assam,M.B,"59,942",,913,25,11,LOW,63,177,0.031631892,54610,29,24720,2280,31.6182944
Vinukonda,Andhra Pradesh,M,"59,725",,874,28,26,HIGH,54,107,0.764981633,52200,19,237854,2445,29.0798451
Mandideep,Madhya Pradesh,M,"59,654",,923,24,29,MEDIUM,85,197,0.801880843,55061,21,421365,2213,29.0798451
Tiptur,Karnataka,C.M.C,"59,543",,921,26,27,MEDIUM,86,176,0.31019972,54839,19,636502,2392,31.6182944
Gobichettipalayam,Tamil Nadu,M,"59,523",,903,24,34,LOW,66,109,0.726007206,53749,26,4684707,2165,29.0798451
Dhone,Andhra Pradesh,M,"59,272",,898,28,38,LOW,57,133,0.795494465,53226,29,237854,2512,29.0798451
Sunabeda,Odisha,N.A.C,"58,884",,955,25,37,HIGH,91,188,0.737534955,56234,30,66971,2385,31.6182944
Wani,Maharashtra,M.Cl.,"58,840",,874,24,38,MEDIUM,77,172,0.264726834,51426,22,4408916,2096,16.42975858
Upleta,Gujarat,M,"58,775",,845,29,40,HIGH,72,123,0.874730694,49665,30,284973,2448,29.0798451
Narasapuram,Andhra Pradesh,M,"58,770",,920,23,35,MEDIUM,52,159,0.756297091,54068,14,237854,2114,29.0798451
Nuzvid,Andhra Pradesh,M,"58,590",,926,24,35,HIGH,73,194,0.108702581,54254,24,237854,2220,29.0798451
Tezpur,Assam,M.B.,"58,559",,901,25,8,MEDIUM,94,159,0.022317482,52762,10,24720,2250,31.6182944
Una,Gujarat,M,"58,528",,863,24,36,HIGH,93,162,0.958529442,50510,10,284973,2069,29.0798451
Markapur,Andhra Pradesh,M,"58,462",,907,25,27,HIGH,96,125,0.280087579,53025,14,237854,2265,29.0798451
Sheopur,Madhya Pradesh,UA,"58,342",,922,24,31,LOW,57,165,0.575362358,53791,26,421365,2211,31.6182944
Thiruvarur,Tamil Nadu,M,"58,301",,901,24,29,LOW,83,116,0.098423012,52529,19,4684707,4816,29.0798451
Sidhpur,Gujarat,UA,"58,194",,847,23,40,HIGH,89,188,0.083519829,49290,21,284973,1946,31.6182944
Sahaswan,Uttar Pradesh,M.B,"58,184",,884,27,27,MEDIUM,64,174,0.40677465,51435,10,3104060,2384,31.6182944
Suratgarh,Rajasthan,M,"58,119",,859,23,37,LOW,59,144,0.105810638,49924,12,1475311,1974,29.0798451
Shajapur,Madhya Pradesh,UA,"57,818",,924,29,28,LOW,74,126,0.617464754,53424,20,421365,2677,31.6182944
Rayagada,Odisha,M,"57,759",,961,23,34,HIGH,64,148,0.646896802,55506,12,66971,2208,29.0798451
Lonavla,Maharashtra,M.Cl,"57,698",,887,28,40,MEDIUM,65,134,0.734080511,51178,26,4408916,2481,16.42975858
Ponnur,Andhra Pradesh,M,"57,640",,918,28,25,MEDIUM,99,114,0.549031032,52914,22,237854,2568,29.0798451
Kagaznagar,Telangana,M,"57,583",,923,29,28,HIGH,85,128,0.746332683,53149,30,126078,2674,29.0798451
Bhatapara,Chhattisgarh,M,"57,537",,956,23,32,MEDIUM,68,186,0.955974052,55005,16,6394,2197,29.0798451
Kandukur,Andhra Pradesh,M,"57,246",,891,26,28,MEDIUM,82,161,0.037570063,51006,24,237854,2314,29.0798451
Sangareddy,Telangana,M,"57,113",,932,24,30,MEDIUM,53,110,0.944622739,53229,20,126078,4023,29.0798451
Unjha,Gujarat,M,"57,108",,871,29,29,HIGH,70,135,0.686089081,49741,26,284973,2523,29.0798451
Lunglei,Mizoram,N.T,"57,011",,969,25,8,HIGH,74,171,0.690956596,55244,21,798,2420,31.6182944
Karimganj,Assam,M.B,"56,854",,900,23,11,MEDIUM,72,127,0.761793799,51169,11,24720,2068,31.6182944
Kannur,Kerala,M,"56,823",,974,29,28,LOW,93,124,0.676537862,55346,30,977479,2822,29.0798451
Bobbili,Andhra Pradesh,M,"56,819",,894,23,34,HIGH,81,107,0.27130672,50796,29,237854,2054,29.0798451
Mokameh,Bihar,M,"56,615",,924,23,25,HIGH,55,185,0.358316826,52312,18,923737,2123,29.0798451
Talegaon Dabhade,Maharashtra,M.Cl,"56,435",,872,25,27,LOW,85,152,0.672746415,49211,16,4408916,2178,16.42975858
Anjangaon,Maharashtra,M.Cl,"56,380",,881,26,31,LOW,68,142,0.475355277,49671,22,4408916,2288,16.42975858
Mangrol,Gujarat,UA,"56,320",,864,25,39,MEDIUM,95,116,0.15031884,48660,19,284973,2158,31.6182944
Sunam,Punjab,UA,"56,251",,886,28,27,MEDIUM,90,168,0.00981844,49838,21,242367,2478,31.6182944
Gangarampur,West Bengal,M,"56,175",,955,29,32,LOW,98,118,0.968341667,53647,28,1489500,2767,29.0798451
Thiruvallur,Tamil Nadu,M,"56,074",,913,24,39,MEDIUM,59,174,0.644200039,51196,26,4684707,27416,29.0798451
Pithoragarh,Uttarakhand,N.P.P,"56,044",,851,28,13,HIGH,98,159,0.615071246,47693,20,105882,528,31.6182944
Rath,Uttar Pradesh,M.B,"55,950",,873,23,26,LOW,76,127,0.517714775,48844,25,3104060,2006,31.6182944
Jatani,Odisha,M,"55,925",,939,25,38,MEDIUM,90,149,0.67711028,52514,20,66971,2345,29.0798451
Bellampalle,Telangana,M,"55,841",,928,25,30,HIGH,65,186,0.682022924,51820,21,126078,2318,29.0798451
Viramgam,Gujarat,M,"55,821",,845,28,27,HIGH,98,101,0.866782171,47169,26,284973,2364,29.0798451
Rajsamand,Rajasthan,M,"55,687",,870,27,30,LOW,92,199,0.507690425,48448,22,1475311,2347,29.0798451
Yanam,Puducherry,M,"55,626",,1023,23,40,LOW,89,133,0.89280862,,,106153,2351,29.0798451
Kottayam,Kerala,M,"55,374",,965,29,37,HIGH,53,184,0.337505727,53436,24,977479,2796,29.0798451
Panruti,Tamil Nadu,M,"55,346",,916,29,40,HIGH,71,181,0.514405026,50697,18,4684707,2654,29.0798451
Dhuri,Punjab,M.Cl,"55,225",,880,25,,LOW,76,172,0.848000602,48598,28,242367,2198,16.42975858
Challakere,Karnataka,C.M.C,"55,194",,939,24,32,MEDIUM,71,198,0.25525858,51827,13,636502,2252,31.6182944
Namakkal,Tamil Nadu,M,"55,145",,904,23,29,HIGH,82,177,0.604340946,49851,16,4684707,3004,31.6182944
Ramnagar,Uttarakhand,N.P.P,"54,787",,833,28,12,MEDIUM,97,158,0.434889363,45638,24,105882,2330,31.6182944
Sidhi,Madhya Pradesh,M,"54,331",,927,25,33,HIGH,79,195,0.129808404,50365,17,421365,2315,29.0798451
Kasaragod,Kerala,M,"54,172",,976,29,25,HIGH,92,118,0.194763069,52872,26,977479,2828,29.0798451
Modasa,Gujarat,M,"54,135",,842,26,32,HIGH,78,129,0.567413181,45582,30,284973,2187,29.0798451
Rayadurg,Andhra Pradesh,M,"54,125",,928,26,25,HIGH,68,138,0.588720191,50228,19,237854,2411,29.0798451
Supaul,Bihar,M,"54,085",,900,25,27,HIGH,52,121,0.755066336,48677,28,923737,2248,29.0798451
Kunnamkulam,Kerala,M,"54,071",,968,29,40,LOW,92,101,0.917571498,52341,11,977479,2805,29.0798451
Umred,Maharashtra,M.Cl,"53,971",,876,23,30,MEDIUM,99,115,0.216130141,47279,22,4408916,2013,16.42975858
Sibsagar,Assam,M.B,"53,854",,899,29,10,MEDIUM,62,163,0.043736493,48415,30,24720,2605,31.6182944
Mandi Dabwali,Haryana,M.C,"53,811",,832,26,27,MEDIUM,76,173,0.624482408,44771,29,303118,2161,11.42467203
Ottappalam,Kerala,M,"53,792",,963,31,26,HIGH,77,182,0.085783353,51802,18,977479,2983,29.0798451
Dumraon,Bihar,N.A.C,"53,618",,902,28,27,HIGH,79,165,0.68714453,48363,17,923737,2523,31.6182944
Samalkot,Andhra Pradesh,M,"53,602",,909,28,27,MEDIUM,99,188,0.310086639,48724,18,237854,2543,29.0798451
Jaggaiahpet,Andhra Pradesh,M,"53,530",,,,,MEDIUM,88,121,0.018629651,47213,19,237854,2203,29.0798451
Goalpara,Assam,M.B,"53,430",,,,,MEDIUM,62,121,0.408910954,48408,10,24720,2172,31.6182944
Tuni,Andhra Pradesh,M,"53,425",,875,29,38,MEDIUM,91,185,0.794995135,46747,17,237854,2535,29.0798451
Lachhmangarh,Rajasthan,M,"53,392",,849,29,36,MEDIUM,50,194,0.894732467,45330,27,1475311,2460,29.0798451
Bhongir,Telangana,M,"53,339",,928,29,31,LOW,60,185,0.369702304,49499,25,126078,2689,29.0798451
Amalapuram,Andhra Pradesh,M,"53,231",,874,26,38,HIGH,67,188,0.760845943,46524,30,237854,2270,31.6182944
Firozpur Cantt.,Punjab,C.B,"53,199",,885,29,39,MEDIUM,67,150,0.704052029,47081,22,242367,2564,31.6182944
Vikarabad,Telangana,M,"53,143",,927,29,27,HIGH,67,147,0.715420848,49264,13,126078,891,29.0798451
Manglaur,Uttarakhand,N.P.P.,"52,971",,833,24,15,MEDIUM,95,157,0.177672701,44125,19,105882,1997,31.6182944
Thiruvalla,Kerala,M,"52,883",,973,29,26,HIGH,85,116,0.028460162,51455,27,977479,2819,29.0798451
Sherkot,Uttar Pradesh,M.B,"52,880",,883,25,25,LOW,57,186,0.496717003,46693,20,3104060,2205,31.6182944
Palghar,Maharashtra,M.Cl,"52,677",,871,23,40,MEDIUM,82,199,0.593731977,45882,20,4408916,2001,16.42975858
Shegaon,Maharashtra,M.Cl,"52,423",,872,23,26,LOW,66,166,0.122788059,45713,30,4408916,2004,16.42975858
Jangaon,Telangana,M,"52,394",,925,25,26,MEDIUM,77,187,0.950781626,48464,30,126078,2310,29.0798451
Bheemunipatnam,Andhra Pradesh,M,"52,110",,909,25,34,HIGH,93,134,0.309234219,47368,15,237854,2270,29.0798451
Panna,Madhya Pradesh,UA,"52,057",,913,28,29,HIGH,57,108,0.613013303,47528,27,421365,2554,31.6182944
Thodupuzha,Kerala,M,"52,045",,972,29,25,MEDIUM,63,143,0.251821984,50588,10,977479,2816,29.0798451
Kathua,Jammu and Kashmir,M.Cl,"51,991",,908,26,8,MEDIUM,66,193,0.269989984,47208,29,58568,2359,16.42975858
Palitana,Gujarat,M,"51,944",,867,27,33,MEDIUM,81,148,0.918844915,45035,11,284973,2339,29.0798451
Arwal,Bihar,N.P.,"51,849",,910,25,39,MEDIUM,79,106,0.440229612,47183,12,923737,2273,31.6182944
Venkatagiri,Andhra Pradesh,M,"51,708",,887,25,37,MEDIUM,79,100,0.548848711,45865,17,237854,2215,29.0798451
Kalpi,Uttar Pradesh,NPP,"51,670",,882,26,34,LOW,90,110,,,,,2291,31.6182944
Rajgarh (Churu),Rajasthan,UA,"51,640",,870,26,26,HIGH,91,124,0.340973762,44927,13,1475311,2260,31.6182944
Sattenapalle,Andhra Pradesh,M,"51,404",,896,25,37,LOW,58,105,0.601696511,46058,19,237854,2238,29.0798451
Arsikere,Karnataka,T.M.C.,"51,336",,923,25,32,HIGH,63,177,0.20587987,47383,27,636502,2305,31.6182944
Ozar,Maharashtra,C.T,"51,297",,870,28,37,MEDIUM,90,123,0.48453468,44628,11,4408916,2434,31.6182944
Thirumangalam,Tamil Nadu,M,"51,194",,921,24,39,HIGH,86,156,0.958540204,47150,24,4684707,2208,29.0798451
Petlad,Gujarat,M,"51,147",,855,27,26,MEDIUM,52,136,0.277845017,43731,14,284973,2306,29.0798451
Sri Madhopur,Rajasthan,M,"51,000",,872,26,36,MEDIUM,78,200,0.894936832,44472,28,1475311,2265,29.0798451
Nasirabad,Rajasthan,C.B,"50,804",,876,26,26,LOW,65,171,0.296568956,44504,21,1475311,2275,31.6182944
Phaltan,Maharashtra,M.Cl,"50,800",,873,28,29,HIGH,98,115,0.494838939,44348,29,4408916,2442,16.42975858
Rampurhat,West Bengal,M,"50,613",,953,25,37,HIGH,58,153,0.069665037,48234,28,1489500,2380,29.0798451
Nanjangud,Karnataka,T.M.C,"50,598",,936,25,29,MEDIUM,55,105,0.078071226,47360,29,636502,2338,31.6182944
Jaspur,Uttarakhand,N.P.P,"50,523",,851,29,10,HIGH,61,154,0.806658963,42995,16,105882,2465,31.6182944
Forbesganj,Bihar,M,"50,475",,930,25,28,LOW,90,168,0.85562404,46942,25,923737,2323,29.0798451
Tundla,Uttar Pradesh,NPP,"50,423",,868,29,26,HIGH,50,132,0.255181351,43767,13,3104060,2515,31.6182944
Bhabua,Bihar,NP,"50,179",,906,26,28,LOW,80,101,0.28555061,45462,12,923737,2353,31.6182944
Sagara,Karnataka,T.M.C,"50,131",,940,27,28,MEDIUM,82,192,0.346714704,47123,25,636502,2536,31.6182944
Pithapuram,Andhra Pradesh,M,"50,103",,906,29,25,MEDIUM,57,133,0.318888338,45393,10,237854,2625,29.0798451
Sira,Karnataka,T.M.C,"50,088",,924,24,40,LOW,76,133,0.186556706,46281,24,636502,2216,31.6182944
Bhadrachalam,Telangana,C.T,"50,087",,923,28,28,MEDIUM,90,194,0.274420279,46230,23,126078,2582,31.6182944
Barbigha,Bihar,Np,"50,080",,923,28,25,HIGH,83,171,0.083325814,46224,29,923737,2582,31.6182944
Charkhi Dadri,Haryana,N.P.P,"49,985",,821,26,39,HIGH,85,191,0.593236668,41038,29,303118,2132,31.6182944
Chatra,Jharkhand,M,"49,985",,905,26,31,MEDIUM,70,104,0.430781271,45236,13,167785,2351,29.0798451
Palasa Kasibugga,Andhra Pradesh,N.P,"49,899",,924,25,39,LOW,71,151,0.765704446,46107,28,237854,2308,31.6182944
Nohar,Rajasthan,M,"49,835",,850,28,30,LOW,82,170,,,20,1475311,2378,29.0798451
Yevla,Maharashtra,M.Cl,"49,826",,886,28,25,LOW,65,102,0.624740622,44146,23,4408916,2478,16.42975858
Sirhind Fatehgarh Sahib,Punjab,M.Cl,"49,825",,872,26,40,LOW,65,142,0.806127943,43447,23,242367,2265,16.42975858
Bhainsa,Telangana,M,"49,764",,919,28,25,HIGH,85,106,0.123259734,45733,10,126078,2571,29.0798451
Parvathipuram,Andhra Pradesh,M,"49,714",,892,29,33,HIGH,72,174,0.914351998,44345,22,237854,2584,29.0798451
Shahade,Maharashtra,M.Cl,"49,696",,886,27,37,MEDIUM,71,153,0.059035819,44031,16,4408916,2390,16.42975858
Chalakudy,Kerala,M,"49,525",,968,29,34,HIGH,69,132,0.879425171,47940,23,977479,2805,29.0798451
Narkatiaganj,Bihar,N.Pd,"49,507",,923,25,35,MEDIUM,64,118,0.641151035,45695,11,923737,2305,31.6182944
Kapadvanj,Gujarat,M,"49,308",,861,27,30,HIGH,53,106,0.295148097,42454,28,284973,2322,29.0798451
Macherla,Andhra Pradesh,M,"49,221",,888,26,30,HIGH,94,167,0.236419289,43708,21,237854,2307,29.0798451
Raghogarh-Vijaypur,Madhya Pradesh,M,"49,173",,923,24,29,MEDIUM,59,181,0.622218169,45387,29,421365,2213,29.0798451
Rupnagar,Punjab,M.Cl,"49,159",,893,23,33,HIGH,92,180,0.020325433,43899,17,242367,2052,16.42975858
Naugachhia,Bihar,N.P,"49,069",,907,28,30,HIGH,58,138,0.788243345,44506,10,923737,2537,31.6182944
Sendhwa,Madhya Pradesh,M,"48,941",,928,23,26,MEDIUM,91,157,0.116238831,45417,23,421365,2132,29.0798451
Byasanagar,Odisha,M,"48,911",,952,27,31,HIGH,83,105,0.101491167,46563,23,66971,2568,29.0798451
Sandila,Uttar Pradesh,M.B,"48,899",,866,24,30,HIGH,96,125,0.527589944,42347,12,3104060,2076,31.6182944
Gooty,Andhra Pradesh,C.T,"48,658",,930,28,40,HIGH,96,176,0.597466675,45252,27,237854,2602,31.6182944
Salur,Andhra Pradesh,M,"48,354",,891,29,39,LOW,54,194,0.182587426,43083,20,237854,2581,29.0798451
Nanpara,Uttar Pradesh,N.P.P,"48,337",,882,23,37,MEDIUM,66,128,0.490544094,42633,12,3104060,2027,31.6182944
Sardhana,Uttar Pradesh,M.B,"48,314",,882,27,25,HIGH,73,105,0.552334037,42613,11,3104060,2379,31.6182944
Vita,Maharashtra,M.Cl,"48,289",,876,25,34,HIGH,61,104,0.757901428,42301,13,4408916,2188,16.42975858
Gumia,Jharkhand,C.T,"48,141",,900,27,40,MEDIUM,51,132,0.675552545,43327,15,167785,2428,31.6182944
Puttur,Karnataka,T.M.C,"48,070",,927,24,26,LOW,75,156,0.942870354,44561,26,636502,2223,31.6182944
Jalandhar Cantt.,Punjab,C.B,"47,845",,868,24,30,MEDIUM,92,165,0.513373935,41529,15,242367,2081,31.6182944
Nehtaur,Uttar Pradesh,N.P.P,"47,834",,883,23,38,MEDIUM,80,165,0.161089815,42237,24,3104060,2029,31.6182944
Changanassery,Kerala,M,"47,685",,969,29,40,MEDIUM,95,187,0.976226009,46207,29,977479,2808,29.0798451
Mandapeta,Andhra Pradesh,M,"47,638",,912,29,30,HIGH,65,191,0.481219213,43446,27,237854,2642,29.0798451
Dumka,Jharkhand,N.A.C,"47,584",,893,27,29,MEDIUM,57,189,0.544042185,42493,28,167785,2409,31.6182944
Seohara,Uttar Pradesh,UA,"47,575",,867,26,33,MEDIUM,79,116,0.251640073,41248,29,3104060,2252,31.6182944
Umarkhed,Maharashtra,M.Cl,"47,458",,876,28,34,LOW,90,121,0.828740214,41573,13,4408916,2450,16.42975858
Madhupur,Jharkhand,M,"47,326",,906,26,36,HIGH,88,116,0.495275766,42877,10,167785,2353,29.0798451
Rairangpur,Odisha,M,"47,294",,949,24,31,HIGH,59,153,0.608765386,44882,12,66971,2276,29.0798451
Vikramasingapuram,Tamil Nadu,M,"47,241",,901,27,39,HIGH,92,129,0.612441576,42564,25,4684707,2430,29.0798451
Punalur,Kerala,M,"47,235",,979,28,40,HIGH,52,185,0.299304894,46243,20,977479,2739,29.0798451
Kendrapara,Odisha,M,"47,006",,947,26,33,LOW,70,143,0.628830237,44515,23,66971,2460,29.0798451
Sihor,Gujarat,M,"46,960",,845,27,26,MEDIUM,94,134,0.894614269,39681,13,284973,2279,29.0798451
Nellikuppam,Tamil Nadu,M,"46,678",,919,25,32,LOW,64,170,0.202944954,42897,12,4684707,2295,16.42975858
Samana,Punjab,M.Cl,"46,592",,869,26,27,MEDIUM,90,128,0.65256477,40488,20,242367,2257,16.42975858
Warora,Maharashtra,M.Cl.,"46,532",,893,,,,,134,0.700051375,41553,26,4408916,2230,31.6182944
Nilambur,Kerala,C.T,"46,366",,973,28,25,LOW,53,125,0.397136362,45114,22,977479,2722,31.6182944
Rasipuram,Tamil Nadu,M,"46,330",,921,28,31,HIGH,73,176,0.740966362,42670,15,4684707,2576,31.6182944
Ramnagar,Uttarakhand,M.B,"46,205",,839,24,5,LOW,89,193,0.578552924,38766,26,105882,2012,31.6182944
Jammalamadugu,Andhra Pradesh,NP,"46,069",,890,28,25,MEDIUM,100,175,0.611223515,41001,18,237854,2490,31.6182944
Nawanshahr,Punjab,M.Cl,"46,024",,899,26,35,HIGH,97,117,0.862007849,41376,26,242367,2335,16.42975858
Thoubal,Manipur,M.Cl,"45,947",,979,25,15,LOW,76,194,0.617680449,44982,21,3260,2445,16.42975858
Attili,Andhra Pradesh,M,"45,858",,906,23,28,HIGH,93,175,0.748041928,41547,10,237854,2082,29.0798451
Athni,Karnataka,T.M.C.,"45,858",,938,23,32,HIGH,52,170,0.17004477,43015,16,636502,2155,31.6182944
Cherthala,Kerala,M,"45,827",,960,30,32,MEDIUM,61,189,0.213464878,43994,30,977479,2877,29.0798451
Farooqnagar,Telangana,C.T.,"45,675",,922,27,38,HIGH,69,174,0.095522145,42112,22,126078,2487,31.6182944
Peddapuram,Andhra Pradesh,M,"45,520",,909,23,38,HIGH,88,177,0.08925847,41378,30,237854,2089,29.0798451
Chirkunda,Jharkhand,NP,"45,508",,909,23,40,MEDIUM,99,150,0.402740007,41367,30,167785,2089,31.6182944
Pachora,Maharashtra,M.Cl,"45,333",,876,29,35,LOW,70,115,0.724296425,39712,17,4408916,2538,16.42975858
Madhepura,Bihar,M,"45,031",,908,27,28,MEDIUM,62,157,0.961622366,40888,20,923737,2449,29.0798451
Tumsar,Maharashtra,M.Cl,"44,869",,873,25,30,MEDIUM,66,151,0.238068187,39171,20,4408916,2180,16.42975858
Phalodi,Rajasthan,UA,"44,868",,855,27,34,MEDIUM,99,110,0.295191999,38362,22,1475311,2306,31.6182944
Tiruttani,Tamil Nadu,M,"44,781",,917,27,37,LOW,81,129,0.55890329,41064,17,4684707,2474,29.0798451
Rampura Phul,Punjab,UA,"44,665",,881,25,29,HIGH,87,145,0.788265337,39350,26,242367,2200,31.6182944
Perinthalmanna,Kerala,M,"44,612",,971,30,30,LOW,60,175,0.533865433,43318,11,977479,2910,29.0798451
Sainthia,West Bengal,M,"44,601",,946,29,26,HIGH,83,178,0.21164818,42193,21,1489500,2741,29.0798451
Angul,Odisha,M,"44,390",,950,24,29,LOW,94,113,0.887143701,42171,27,66971,2278,29.0798451
Padrauna,Uttar Pradesh,M.B,"44,383",,875,27,32,MEDIUM,93,102,0.787345119,38835,15,3104060,2360,31.6182944
Dalli-Rajhara,Chhattisgarh,M,"44,363",,973,25,29,HIGH,74,140,0.824264781,43165,23,6394,2430,29.0798451
Punganur,Andhra Pradesh,N.P,"44,314",,882,29,30,MEDIUM,95,105,0.990019402,39085,10,237854,2555,31.6182944
Mattannur,Kerala,M,"44,313",,965,30,39,LOW,55,181,0.165307014,42762,24,977479,2892,29.0798451
Thakurdwara,Uttar Pradesh,N.P.P.,"44,255",,878,25,32,MEDIUM,79,163,0.211555983,38856,12,3104060,2193,31.6182944
Nandivaram-Guduvancheri,Tamil Nadu,T.P,"44,098",,906,28,32,HIGH,80,122,0.025790223,39953,30,4684707,2534,31.6182944
Mulbagal,Karnataka,T.M.C,"44,033",,954,25,30,LOW,77,149,0.961020889,42007,29,636502,2383,31.6182944
Manjlegaon,Maharashtra,M.Cl,"44,029",,873,26,37,MEDIUM,56,165,0.747074049,38437,28,4408916,2268,16.42975858
Wankaner,Gujarat,M,"43,881",,858,25,26,HIGH,75,168,0.204682613,37650,16,284973,2143,29.0798451
Sillod,Maharashtra,M.Cl,"43,867",,869,28,39,HIGH,50,118,0.213918405,38120,11,4408916,2431,16.42975858
Nidadavole,Andhra Pradesh,M,"43,809",,929,24,30,HIGH,65,195,0.796102745,40699,17,237854,2228,29.0798451
Surapura,Karnataka,T.M.C,"43,622",,953,24,30,MEDIUM,99,109,0.658381814,41572,28,636502,2285,31.6182944
Rajagangapur,Odisha,M,"43,594",,952,23,26,HIGH,61,170,0.950256678,41501,11,66971,2188,29.0798451
Sheikhpura,Bihar,M,"43,113",,919,27,35,LOW,59,139,0.008755665,39621,19,923737,2479,29.0798451
Parlakhemundi,Odisha,M,"43,097",,942,25,31,HIGH,73,128,0.75084128,40597,21,66971,2353,29.0798451
Kalimpong,West Bengal,M,"42,998",,959,26,27,LOW,91,199,0.65125961,41235,26,1489500,579,29.0798451
Siruguppa,Karnataka,T.P,"42,919",,921,23,35,MEDIUM,80,178,0.751123997,39528,20,636502,2116,31.6182944
Arvi,Maharashtra,M.Cl,"42,822",,885,27,35,LOW,57,105,0.967724344,37897,28,4408916,2387,16.42975858
Limbdi,Gujarat,M,"42,769",,865,26,39,HIGH,98,166,0.365208567,36995,10,284973,2247,29.0798451
Barpeta,Assam,M.B,"42,649",,896,29,8,HIGH,55,186,0.158530176,38214,17,24720,2596,31.6182944
Repalle,Andhra Pradesh,M,"42,539",,930,23,27,HIGH,54,157,0.507003555,39561,24,237854,2137,29.0798451
Mudhol,Karnataka,T.M.C,"42,461",,923,27,31,MEDIUM,71,172,0.026749057,39192,21,636502,2490,31.6182944
Shujalpur,Madhya Pradesh,M,"42,461",,921,28,35,MEDIUM,70,100,0.962508237,39107,26,421365,2576,29.0798451
Mandvi,Gujarat,M,"42,355",,856,24,31,MEDIUM,54,169,0.219438567,36256,11,284973,2052,29.0798451
Thangadh,Gujarat,M,"42,351",,860,28,40,MEDIUM,71,197,0.742232436,36422,28,284973,2406,29.0798451
Sironj,Madhya Pradesh,M,"42,179",,930,25,40,HIGH,87,154,0.785924604,39226,21,421365,2323,29.0798451
Nandura,Maharashtra,M.Cl,"42,167",,893,26,29,MEDIUM,99,142,0.756911798,37655,18,4408916,2320,16.42975858
Shoranur,Kerala,M,"42,029",,966,30,37,LOW,51,108,0.82166313,40600,29,977479,2895,29.0798451
Nathdwara,Rajasthan,M,"42,016",,854,28,28,MEDIUM,86,153,0.409254076,35882,10,1475311,2389,29.0798451
Periyakulam,Tamil Nadu,M,"42,012",,911,28,25,HIGH,91,160,0.944316298,38273,29,4684707,2548,29.0798451
Golaghat,Assam,M.B,"41,989",,882,28,9,LOW,69,186,0.446131049,37034,20,24720,2467,31.6182944
Kichha,Uttarakhand,N.P.P,"41,965",,853,26,5,MEDIUM,79,133,0.535216793,35796,10,105882,2216,31.6182944
Sultanganj,Bihar,N.A,"41,958",,901,27,25,MEDIUM,61,165,0.275660854,37804,26,923737,2430,31.6182944
Medak,Telangana,N.P,"41,945",,919,24,34,LOW,76,198,0.218067838,38547,11,126078,2204,31.6182944
Barauli,Bihar,N.P.P.,"41,877",,907,24,28,HIGH,66,163,0.038863212,37982,28,923737,2175,31.6182944
Narayanpet,Telangana,N.P,"41,752",,922,29,25,LOW,59,171,0.196164259,38495,26,126078,2671,31.6182944
Raxaul Bazar,Bihar,M,"41,610",,907,27,36,MEDIUM,91,131,0.628509937,37740,23,923737,2447,29.0798451
Rajauri,Jammu and Kashmir,N.A.C,"41,552",,890,23,11,LOW,71,126,0.999773715,36981,30,58568,2045,31.6182944
Pernampattu,Tamil Nadu,T.P,"41,499",,915,23,38,LOW,56,173,0.794460006,37972,26,4684707,2103,31.6182944
Nainital,Uttarakhand,N.P.P,"41,377",,850,29,12,LOW,61,120,0.749081758,35170,20,105882,3695,31.6182944
Ramachandrapuram,Andhra Pradesh,M,"41,370",,896,28,32,HIGH,62,149,0.852011362,37068,21,237854,2506,29.0798451
Vaijapur,Maharashtra,M.Cl,"41,296",,889,27,33,LOW,79,145,0.69584184,36712,14,4408916,2398,16.42975858
Nangal,Punjab,M.Cl,"41,288",,882,23,31,HIGH,,,,36314,21,242367,2027,16.42975858
Sidlaghatta,Karnataka,T.M.C,"41,268",,929,25,28,MEDIUM,,,,38180,30,636502,2320,31.6182944
Poonch,Jammu and Kashmir,M.B,"41,255",,911,24,12,HIGH,,,,37339,13,58568,2184,31.6182944
Pandhurna,Madhya Pradesh,M,"41,245",,929,24,25,MEDIUM,,,,38025,10,421365,2228,29.0798451
Wadgaon Road,Maharashtra,C.T.,"40,895",,893,29,38,LOW,,,,36509,10,4408916,2587,31.6182944
Talcher,Odisha,M,"40,853",,961,29,40,MEDIUM,90,179,0.282632083,39248,15,66971,2784,29.0798451
Varkala,Kerala,M,"40,759",,971,31,37,HIGH,89,140,0.529044518,39547,12,977479,3007,29.0798451
Pilani,Rajasthan,UA,40600,,861,24,40,MEDIUM,63,117,0.304175121,34948,13,1475311,2064,31.6182944
Nowgong,Madhya Pradesh,M,"40,580",,922,27,35,HIGH,56,164,0.289417829,37415,18,421365,2487,29.0798451
Naila Janjgir,Chhattisgarh,M,"40,561",,970,29,37,MEDIUM,61,130,0.920207179,39344,17,6394,2810,29.0798451
Mapusa,Goa,M.Cl,"40,487",,969,29,31,LOW,82,126,0.152645746,39232,10,541480,2808,16.42975858
Vellakoil,Tamil Nadu,M,"40,359",,912,26,29,HIGH,63,139,0.831647153,36807,29,4684707,2369,29.0798451
Merta City,Rajasthan,M,"40,252",,875,29,37,LOW,66,116,0.850059769,35221,28,1475311,2535,29.0798451
Sivaganga,Tamil Nadu,UA,"40,220",,901,28,28,MEDIUM,87,176,0.407371398,36238,20,4684707,2520,31.6182944
Sailu,Maharashtra,M.Cl,"39,851",,883,23,26,HIGH,88,164,0.565375183,35188,11,4408916,2029,16.42975858
Vyara,Gujarat,M,"39,789",,863,24,36,LOW,88,108,0.621894044,34338,12,284973,2069,29.0798451
Kovvur,Andhra Pradesh,M,"39,667",,878,26,38,LOW,90,188,0.930756202,34828,16,237854,2281,29.0798451
Vadalur,Tamil Nadu,T.P.,"39,514",,913,26,31,LOW,69,168,0.452104746,36076,29,4684707,2372,31.6182944
Nawabganj,Uttar Pradesh,N.P.P,"39,241",,862,27,28,LOW,72,157,0.993439778,33826,21,3104060,2325,31.6182944
Padra,Gujarat,UA,"39,205",,864,23,37,LOW,54,158,0.569810747,33873,14,284973,1985,31.6182944
Siana,Uttar Pradesh,M.B,"38,999",,866,25,25,MEDIUM,59,102,0.239175326,33773,29,3104060,2163,31.6182944
Shahpur,Karnataka,T.M.C,"38,907",,929,25,40,HIGH,61,192,0.519548065,36145,24,636502,2320,31.6182944
Sojat,Rajasthan,M,"38,883",,848,27,38,LOW,82,156,0.040447348,32973,26,1475311,2287,29.0798451
Noorpur,Uttar Pradesh,N.P.P,"38,806",,886,26,35,LOW,50,102,0.403028536,34382,14,3104060,2301,31.6182944
Paravoor,Kerala,M,"38,652",,963,30,29,MEDIUM,89,199,0.348456524,37222,11,977479,2886,29.0798451
Ramnagar,Bihar,N.A,"38,554",,905,29,29,LOW,66,145,0.701767644,34891,12,923737,2622,31.6182944
Murtijapur,Maharashtra,M.Cl,"38,554",,869,28,27,HIGH,100,158,0.735418685,33503,24,4408916,2431,16.42975858
Sundargarh,Odisha,M,"38,421",,940,24,32,HIGH,89,167,0.276284886,36116,11,66971,2254,29.0798451
Taki,West Bengal,M,"38,263",,960,27,39,HIGH,53,117,0.915599256,36732,26,1489500,2590,29.0798451
Saundatti-Yellamma,Karnataka,T.M.C,"38,155",,923,24,38,MEDIUM,87,112,0.831627865,35217,12,636502,2213,31.6182944
Pathanamthitta,Kerala,M,"38,009",,963,28,35,MEDIUM,55,134,0.194197024,36603,21,977479,2694,29.0798451
Wadi,Karnataka,T.M.C.,"37,988",,925,26,32,MEDIUM,63,115,0.752732573,35139,26,636502,2403,31.6182944
Rameshwaram,Tamil Nadu,T.P,"37,968",,917,24,37,HIGH,94,127,0.469445238,34817,16,4684707,2199,31.6182944
Gowribidanur,Karnataka,C.M.C,"37,947",,926,29,26,MEDIUM,94,198,0.357719215,35139,20,636502,2683,31.6182944
Tasgaon,Maharashtra,M.Cl,"37,945",,892,29,35,LOW,90,177,0.389510666,33847,11,4408916,2584,16.42975858
Sikandra Rao,Uttar Pradesh,M.B,"37,938",,874,26,27,LOW,73,149,0.106637455,33158,28,3104060,2270,31.6182944
Sihora,Madhya Pradesh,M,"37,870",,914,29,32,HIGH,79,173,0.998756995,34613,25,421365,2648,29.0798451
Tiruvuru,Andhra Pradesh,M,"37,802",,905,24,27,LOW,66,164,0.787915234,34211,27,237854,2170,29.0798451
Tiruvethipuram,Tamil Nadu,M,"37,802",,907,29,26,HIGH,92,119,0.395261083,34286,13,4684707,2628,29.0798451
Mehkar,Maharashtra,M.Cl,"37,715",,893,23,31,HIGH,77,182,0.969394431,33679,10,4408916,2052,16.42975858
Peringathur,Kerala,C.T,"37,699",,967,31,25,HIGH,100,138,0.177049548,36455,18,977479,2995,31.6182944
Perambalur,Tamil Nadu,T.P,"37,631",,920,26,31,HIGH,70,154,0.848290911,34621,29,4684707,2390,31.6182944
Manvi,Karnataka,T.M.C,"37,613",,921,24,37,HIGH,95,144,0.858662985,34642,15,636502,2208,31.6182944
Pattamundai,Odisha,M,"37,527",,947,28,39,MEDIUM,76,144,0.28833669,35538,18,66971,2649,29.0798451
Zunheboto,Nagaland,T.C,"37,447",,931,29,15,HIGH,91,144,0.141676863,34863,13,2769,2697,31.6182944
Kanigiri,Andhra Pradesh,M,"37,420",,905,28,33,MEDIUM,66,173,0.999185528,33865,30,237854,2532,29.0798451
Mahnar Bazar,Bihar,M,"37,370",,913,28,29,HIGH,54,194,0.018441979,34119,25,923737,2554,29.0798451
Attingal,Kerala,M,"37,346",,976,31,37,HIGH,75,134,0.646359902,36450,16,977479,3023,29.0798451
Shahbad,Haryana,M.C,"37,289",,829,24,33,MEDIUM,77,171,0.789984364,30913,28,303118,1988,11.42467203
Puranpur,Uttar Pradesh,M.B,"37,233",,886,28,35,MEDIUM,66,195,0.378812014,32988,12,3104060,2478,31.6182944
Nelamangala,Karnataka,T.M.C,"37,232",,931,24,34,MEDIUM,78,134,0.382265197,34663,19,636502,2232,31.6182944
Lalganj,Bihar,N.A.C,37000,,919,29,36,LOW,54,168,0.289709096,34003,19,923737,2663,31.6182944
Nakodar,Punjab,M.Cl,"36,973",,873,26,31,LOW,61,171,0.265889583,32277,14,242367,2268,16.42975858
Lunawada,Gujarat,M,"36,954",,846,23,28,MEDIUM,68,103,0.03528047,31263,19,284973,1944,29.0798451
Murshidabad,West Bengal,M,"36,947",,945,23,36,MEDIUM,62,136,0.056393596,34915,22,1489500,2172,29.0798451
Mahe,Puducherry,M,"36,828",,1019,28,28,HIGH,98,138,0.06675218,37528,27,106153,2851,29.0798451
Lanka,Assam,M.B,"36,805",,900,24,6,MEDIUM,63,145,0.627555634,33125,15,24720,2158,31.6182944
Rudauli,Uttar Pradesh,M.B,"36,776",,889,25,37,HIGH,51,181,0.313383263,32694,30,3104060,2220,31.6182944
