,city,city_type,median_age,avg_temp,swm,toilets_avl,water_purity,h_index,hospitals,foreign_visitors,Population Estimated for 2020 Till Aug,covid_cases
0,mumbai,2,23.0,32.0,1,219.0,150.0,0.7004395370000001,159.0,4408916.0,12860011,163115.0
1,delhi,2,27.0,30.0,1,215.0,196.0,0.920018232,148.0,2379169.0,12097762,80188.0
2,bangalore,8,28.0,37.0,0,212.0,102.0,0.097085251,123.0,636502.0,15466316,141000.0
3,hyderabad,8,23.0,31.0,1,217.0,118.0,0.827744292,110.0,126078.0,11957467,55123.0
4,ahmedabad,8,29.0,25.0,2,227.0,109.0,0.847941394,73.0,284973.0,8382870,33204.0
5,chennai,8,26.0,31.0,0,210.0,179.0,0.536995001,67.0,4684707.0,4996255,145606.0
6,chennai,19,26.0,30.0,1,145.0,177.0,0.09345072900000001,55.0,4684707.0,5725676,145606.0
7,kolkata,8,26.0,37.0,1,96.0,150.0,0.473584664,82.0,1489500.0,4413384,44957.0
8,surat,8,27.0,26.0,1,96.0,150.0,0.809333658,98.0,284973.0,7703712,23432.0
9,pune,8,29.0,29.0,1,96.0,150.0,0.445902445,50.0,4408916.0,3749544,218502.0
10,jaipur,8,26.0,32.0,0,128.0,172.0,0.889894941,61.0,1475311.0,3868644,14001.0
11,lucknow,8,24.0,33.0,0,123.0,176.0,0.46474560000000004,58.0,3104060.0,3522075,37220.0
12,indore,3,25.0,34.0,2,116.0,142.0,0.815465762,56.0,421365.0,3505670,15764.0
13,kanpur,8,26.0,29.0,0,135.0,122.0,0.053146962,94.0,3104060.0,2966382,22413.0
14,nagpur,8,26.0,35.0,1,100.0,136.0,0.01073014,52.0,4408916.0,2764923,44700.0
15,indore,8,26.0,37.0,1,149.0,172.0,0.88434448,76.0,421365.0,2528559,15764.0
16,thane,8,26.0,32.0,2,119.0,199.0,0.727836011,90.0,4408916.0,2573305,150793.0
17,bhopal,8,26.0,35.0,2,113.0,185.0,0.33317130899999997,72.0,421365.0,2189485,12446.0
18,visakhapatnam,8,26.0,26.0,0,119.0,125.0,0.64150105,51.0,237854.0,2863670,21374.0
19,pimprichinchwad,8,26.0,36.0,0,108.0,195.0,0.43832965799999996,93.0,4408916.0,2785421,24402.0
20,patna,8,26.0,34.0,2,142.0,117.0,0.37756185200000003,62.0,923737.0,2023676,23610.0
21,vadodara,8,26.0,29.0,2,112.0,156.0,0.263219465,91.0,284973.0,2074963,9439.0
22,ghaziabad,8,26.0,36.0,1,122.0,155.0,0.852212709,72.0,3104060.0,2652667,10219.0
23,ludhiana,8,25.0,28.0,0,131.0,180.0,0.556510055,73.0,242367.0,1840009,12847.0
24,agra,8,25.0,34.0,2,124.0,115.0,0.15253387699999998,99.0,3104060.0,1920420,3834.0
25,nashik,8,23.0,36.0,0,122.0,170.0,0.17258441,66.0,4408916.0,1974822,50341.0
26,ranchi,8,29.0,29.0,1,144.0,134.0,0.54150706,59.0,167785.0,1896671,12365.0
27,faridabad,8,27.0,32.0,2,127.0,200.0,0.326206428,59.0,303118.0,1829670,15003.0
28,meerut,8,29.0,25.0,0,100.0,150.0,0.4970691911143739,41.0,1457944.0,1594989,6092.0
29,rajkot,8,23.0,28.0,0,129.0,150.0,0.4970691911143739,41.0,1457944.0,1654592,6250.0
30,kalyandombivli,8,23.0,38.0,2,144.0,150.0,0.4970691911143739,41.0,1457944.0,1296069,20018.0
31,vasaivirar,8,23.0,33.0,0,140.0,150.0,0.4970691911143739,41.0,1457944.0,2030736,20133.0
32,varanasi,8,25.0,36.0,1,121.0,150.0,0.4970691911143739,41.0,1457944.0,1306644,10287.0
33,srinagar,8,23.0,15.0,2,115.0,150.0,0.4970691911143739,41.0,1457944.0,1501865,11243.0
34,aurangabad,8,26.0,40.0,0,139.0,150.0,0.4970691911143739,41.0,1457944.0,1527072,3201.0
35,dhanbad,8,28.0,38.0,2,145.0,150.0,0.4970691911143739,41.0,1457944.0,1254340,3702.0
36,amritsar,8,24.0,34.0,2,111.0,129.0,0.14169585,62.0,242367.0,1300391,5840.0
37,navimumbai,8,26.0,36.0,2,114.0,163.0,0.399270809,87.0,4408916.0,1695152,22861.0
38,allahabad,8,28.0,26.0,0,150.0,118.0,0.9440105390000001,75.0,3104060.0,1248121,24507.0
39,howrah,8,23.0,39.0,2,117.0,114.0,0.73123365,54.0,1489500.0,1141505,14726.0
40,gwalior,8,28.0,39.0,2,116.0,197.0,0.961352237,68.0,421365.0,1340723,7089.0
41,jabalpur,8,29.0,27.0,2,138.0,106.0,0.0051684240000000005,74.0,421365.0,1176230,5683.0
42,coimbatore,8,28.0,34.0,0,124.0,156.0,0.5025601270000001,69.0,4684707.0,1167951,20839.0
43,vijayawada,8,23.0,37.0,2,104.0,117.0,0.6220706029999999,65.0,237854.0,1227145,21005.0
44,jodhpur,8,24.0,27.0,1,124.0,174.0,0.592847814,76.0,1475311.0,1226455,14249.0
45,chandigarh,8,25.0,30.0,2,147.0,126.0,0.055718449,56.0,29538.0,1271418,7292.0
46,madurai,8,25.0,32.0,2,131.0,119.0,0.6958433709999999,89.0,4684707.0,1115595,15118.0
47,raipur,8,29.0,29.0,1,113.0,200.0,0.7523013059999999,60.0,6394.0,1616025,19525.0
48,guwahati,7,29.0,5.0,2,102.0,141.0,0.168740872,50.0,24720.0,1242458,10280.0
49,solapur,7,25.0,26.0,0,146.0,189.0,0.628417717,96.0,4408916.0,1127649,25127.0
50,hublidharwad,7,29.0,32.0,1,117.0,153.0,0.675203936,86.0,636502.0,1199857,10895.0
51,mysore,7,27.0,37.0,1,149.0,147.0,0.9991392,52.0,636502.0,1167439,9971.0
52,tiruchirappalli,7,27.0,30.0,1,141.0,155.0,0.601828658,51.0,4684707.0,1086066,8540.0
53,bareilly,7,25.0,39.0,0,116.0,192.0,0.133169727,61.0,3104060.0,1102595,8139.0
54,aurangabad,18,28.0,30.0,1,123.0,149.0,0.18161671,63.0,4408916.0,1019564,3201.0
55,aligarh,7,24.0,36.0,0,144.0,123.0,0.5346039920000001,80.0,3104060.0,1139283,6031.0
56,tiruppur,7,28.0,30.0,0,113.0,150.0,0.4970691911143739,86.0,4684707.0,2055144,4066.0
57,gurgaon,7,29.0,30.0,2,149.0,150.0,0.4970691911143739,63.0,303118.0,3956388,9537.0
58,moradabad,7,28.0,30.0,0,132.0,150.0,0.4970691911143739,55.0,3104060.0,1102565,6480.0
59,jalandhar,7,25.0,30.0,1,146.0,150.0,0.4970691911143739,87.0,242367.0,1027459,8783.0
60,bhubaneswar,7,28.0,30.0,1,148.0,150.0,0.4970691911143739,74.0,66971.0,1050277,10586.0
61,salem,7,23.0,27.0,0,128.0,150.0,0.4970691911143739,61.0,4684707.0,969839,13590.0
62,warangal,7,24.0,39.0,2,147.0,150.0,0.4970691911143739,74.0,126078.0,1236618,8911.0
63,mirabhayandar,7,24.0,26.0,2,116.0,150.0,0.4970691911143739,70.0,4408916.0,1213900,8440.0
64,jalgaon,7,27.0,33.0,2,147.0,150.0,0.4970691911143739,54.0,4408916.0,1301864,34227.0
65,kota,7,29.0,25.0,1,132.0,150.0,0.4970691911143739,56.0,1475311.0,905375,7067.0
66,guntur,7,28.0,34.0,1,108.0,150.0,0.4970691911143739,56.0,237854.0,1029987,10239.0
67,bhiwandi,7,29.0,40.0,1,112.0,150.0,0.4970691911143739,63.0,4408916.0,827253,10071.0
68,saharanpur,7,24.0,39.0,2,120.0,150.0,0.4970691911143739,82.0,3104060.0,1034494,5514.0
69,gorakhpur,7,26.0,31.0,0,150.0,150.0,0.4970691911143739,63.0,3104060.0,716201,12294.0
70,bikaner,7,24.0,26.0,0,123.0,161.0,0.25755712,51.0,1475311.0,772995,5054.0
71,amravati,7,25.0,34.0,2,102.0,176.0,0.870680955,78.0,4408916.0,746048,7172.0
72,noida,7,25.0,25.0,2,114.0,108.0,0.615857463,77.0,3104060.0,1257993,8842.0
73,jamshedpur,7,27.0,29.0,0,140.0,132.0,0.359799725,63.0,167785.0,686996,9711.0
74,bhilai,7,24.0,32.0,0,125.0,198.0,0.003074344,78.0,6394.0,693271,9179.0
75,cuttack,7,23.0,38.0,1,133.0,149.0,0.02441449,85.0,66971.0,676098,12265.0
76,firozabad,7,28.0,33.0,1,135.0,158.0,0.575803058,59.0,3104060.0,1212569,1996.0
77,kochi,7,29.0,31.0,2,140.0,177.0,0.40189350100000004,50.0,977479.0,606031,11254.0
78,nellore,7,25.0,33.0,1,133.0,107.0,0.272163828,53.0,237854.0,906968,9052.0
79,bhavnagar,7,24.0,28.0,2,117.0,166.0,0.679264465,81.0,284973.0,677018,3317.0
80,dehradun,7,25.0,6.0,2,111.0,184.0,0.26498508600000004,91.0,105882.0,756705,6391.0
81,durgapur,7,25.0,26.0,1,130.0,150.0,0.480555467,54.0,1489500.0,640161,9572.0
82,asansol,7,28.0,26.0,2,133.0,125.0,0.882182598,71.0,1489500.0,656124,10687.0
83,rourkela,7,29.0,27.0,2,109.0,181.0,0.45682543200000003,77.0,66971.0,694729,11045.0
84,nanded,7,28.0,25.0,0,102.0,114.0,0.088904518,66.0,4408916.0,683309,10652.0
85,kolhapur,7,25.0,26.0,0,142.0,191.0,0.806195868,84.0,4408916.0,603450,30609.0
86,ajmer,7,26.0,28.0,2,123.0,189.0,0.09948162699999999,75.0,1475311.0,597783,4967.0
87,akola,7,24.0,29.0,0,105.0,107.0,0.097128659,77.0,4408916.0,695953,4937.0
88,gulbarga,7,24.0,31.0,2,105.0,133.0,0.040144093,68.0,636502.0,651471,8843.0
89,jamnagar,7,27.0,28.0,0,131.0,115.0,0.029569736,74.0,284973.0,618040,3807.0
90,ujjain,7,29.0,38.0,1,149.0,162.0,0.011545983000000001,61.0,421365.0,603173,2095.0
91,loni,7,28.0,31.0,2,107.0,169.0,0.06947097599999999,54.0,3104060.0,1948947,9634.0
92,siliguri,7,24.0,25.0,0,106.0,102.0,0.294327972,74.0,1489500.0,544622,9179.0
93,jhansi,7,27.0,30.0,1,129.0,112.0,0.642546032,80.0,3104060.0,648993,5440.0
94,ulhasnagar,7,28.0,39.0,2,123.0,124.0,0.812126419,74.0,4408916.0,537731,9846.0
95,jammu,7,24.0,10.0,0,145.0,169.0,0.077831283,53.0,58568.0,661485,7697.0
96,sanglimirajkupwad,7,29.0,30.0,0,146.0,130.0,0.76211233,84.0,4408916.0,568444,10070.0
97,mangalore,7,28.0,28.0,0,120.0,102.0,0.018752724,52.0,636502.0,607739,10418.0
98,erode,7,23.0,27.0,1,140.0,138.0,0.5623578929999999,67.0,4684707.0,1305173,4205.0
99,belgaum,7,23.0,29.0,0,147.0,172.0,0.366751369,100.0,636502.0,582149,8751.0
100,ambattur,7,24.0,37.0,2,111.0,185.0,0.9206266540000001,78.0,4684707.0,700893,8786.0
101,tirunelveli,7,29.0,32.0,0,110.0,125.0,0.8711374609999999,93.0,4684707.0,535240,10774.0
102,malegaon,7,27.0,26.0,0,123.0,137.0,0.215542994,85.0,4408916.0,532427,9398.0
103,gaya,7,23.0,30.0,1,107.0,170.0,0.558294608,59.0,923737.0,544760,8429.0
104,thiruvananthapuram,7,30.0,29.0,0,104.0,159.0,0.42202878899999996,86.0,977479.0,559906,19818.0
105,udaipur,7,28.0,37.0,2,117.0,149.0,0.161467595,89.0,1475311.0,514361,2648.0
106,kakinada,7,29.0,35.0,2,103.0,166.0,0.28401013199999997,63.0,237854.0,580885,10140.0
107,davanagere,7,25.0,30.0,1,112.0,109.0,0.15158238699999999,70.0,636502.0,508170,12486.0
108,kozhikode,7,29.0,40.0,2,135.0,141.0,0.347997166,52.0,977479.0,428273,7682.0
109,maheshtala,7,25.0,28.0,1,111.0,126.0,0.23410148100000003,51.0,1489500.0,472078,9502.0
110,rajpursonarpur,7,23.0,27.0,2,128.0,152.0,0.319906376,99.0,1489500.0,518817,8797.0
111,rajahmundry,7,26.0,35.0,0,145.0,127.0,0.603840399,99.0,237854.0,540502,9403.0
112,bokaro,7,23.0,26.0,0,111.0,131.0,0.139153052,91.0,167785.0,432270,2774.0
113,southdumdum,7,23.0,33.0,2,110.0,145.0,0.511487421,89.0,1489500.0,426914,8797.0
114,bellary,7,26.0,32.0,2,137.0,182.0,0.9805470140000001,73.0,636502.0,513739,9809.0
115,patiala,7,26.0,38.0,1,142.0,129.0,0.556825583,95.0,242367.0,523326,7729.0
116,gopalpur,7,26.0,29.0,1,130.0,136.0,0.161710394,83.0,1489500.0,576966,9871.0
117,agartala,7,28.0,12.0,0,122.0,122.0,0.121407191,64.0,34886.0,562653,10933.0
118,bhagalpur,7,28.0,38.0,0,143.0,182.0,0.586616981,81.0,923737.0,456229,10250.0
119,muzaffarnagar,7,28.0,26.0,2,135.0,122.0,0.8070698759999999,66.0,3104060.0,473766,3103.0
120,bhatpara,7,29.0,33.0,2,123.0,186.0,0.7271310209999999,76.0,1489500.0,350754,11114.0
121,panihati,7,27.0,30.0,2,103.0,139.0,0.275123563,50.0,1489500.0,416989,10218.0
122,latur,7,24.0,33.0,2,119.0,128.0,0.50896019,85.0,4408916.0,474278,11510.0
123,dhule,7,24.0,39.0,0,112.0,176.0,0.339471562,54.0,4408916.0,408842,10233.0
124,tirupati,7,25.0,27.0,0,106.0,141.0,0.26137640300000003,58.0,237854.0,581861,8891.0
125,rohtak,7,25.0,28.0,1,108.0,180.0,0.365817445,91.0,303118.0,470467,3798.0
126,sagar,7,25.0,28.0,2,136.0,134.0,0.938754222,69.0,421365.0,561305,1410.0
127,korba,7,29.0,25.0,2,129.0,198.0,0.41620569700000004,79.0,6394.0,410592,1285.0
128,bhilwara,7,26.0,40.0,1,145.0,172.0,0.9144217640000001,64.0,1475311.0,448979,2458.0
129,berhampur,7,27.0,28.0,0,134.0,130.0,0.2137728,57.0,66971.0,403944,10197.0
130,muzaffarpur,7,29.0,26.0,2,139.0,174.0,0.694019105,61.0,923737.0,398059,10662.0
131,ahmednagar,7,27.0,30.0,0,150.0,166.0,0.21402661899999997,80.0,4408916.0,393702,26912.0
132,mathura,7,28.0,33.0,0,118.0,164.0,0.131378892,58.0,3104060.0,395899,2976.0
133,kollam,7,28.0,29.0,1,147.0,134.0,0.607749333,57.0,977479.0,338553,6147.0
134,avadi,7,23.0,39.0,2,146.0,160.0,0.995697622,64.0,4684707.0,494847,8484.0
135,kadapa,7,27.0,28.0,0,117.0,123.0,0.907662015,99.0,237854.0,856991,10024.0
136,kamarhati,7,25.0,32.0,0,148.0,131.0,0.09181869699999999,52.0,1489500.0,357049,9561.0
137,sambalpur,7,27.0,40.0,2,102.0,194.0,0.458369828,91.0,66971.0,374112,3734.0
138,bilaspur,7,28.0,32.0,2,126.0,140.0,0.896520952,57.0,6394.0,387537,449.0
139,shahjahanpur,7,23.0,40.0,2,142.0,169.0,0.8102741920000001,61.0,3104060.0,357976,4303.0
140,satara,7,29.0,34.0,2,148.0,134.0,0.282643924,63.0,4408916.0,449190,21674.0
141,bijapur,7,28.0,37.0,2,133.0,183.0,0.117496269,96.0,636502.0,448069,10608.0
142,kurnool,7,27.0,38.0,2,140.0,140.0,0.887895795,81.0,237854.0,384149,9862.0
143,rampur,7,27.0,34.0,1,121.0,179.0,0.624177241,75.0,3104060.0,369061,4172.0
144,shimoga,7,24.0,40.0,1,103.0,192.0,0.964043467,75.0,636502.0,371394,9141.0
145,chandrapur,7,28.0,34.0,0,145.0,155.0,0.482822256,93.0,4408916.0,351397,4697.0
146,junagadh,7,26.0,26.0,2,121.0,150.0,0.094579414,82.0,284973.0,569627,2081.0
147,thrissur,7,31.0,37.0,0,118.0,126.0,0.216642153,62.0,977479.0,313935,6235.0
148,alwar,7,27.0,33.0,1,140.0,173.0,0.836760938,59.0,1475311.0,372687,8677.0
149,bardhaman,7,26.0,40.0,2,124.0,199.0,0.906868166,93.0,1489500.0,342360,9985.0
150,kulti,7,24.0,39.0,0,134.0,130.0,0.7588398120000001,59.0,1489500.0,336573,9083.0
151,nizamabad,7,23.0,37.0,0,149.0,132.0,0.799557124,67.0,126078.0,330731,4424.0
152,parbhani,7,23.0,33.0,1,143.0,128.0,0.09106622199999999,87.0,4408916.0,356326,3811.0
153,tumkur,7,27.0,36.0,2,113.0,144.0,0.29838505600000004,41.0,636502.0,366395,10272.0
154,khammam,7,24.0,28.0,0,134.0,172.0,0.45365000899999997,41.0,126078.0,409325,4316.0
155,hisar,0,25.0,31.0,0,109.0,151.0,0.361736066,41.0,303118.0,413925,3315.0
156,ozhukarai,7,28.0,26.0,2,117.0,121.0,0.112258889,41.0,106153.0,398350,11537.0
157,biharsharif,7,26.0,25.0,2,108.0,125.0,0.51739398,41.0,923737.0,368754,9632.0
158,panipat,7,27.0,29.0,2,119.0,146.0,0.732577745,64.0,303118.0,325716,5255.0
159,darbhanga,7,25.0,29.0,2,150.0,115.0,0.544779975,54.0,923737.0,319637,9131.0
160,bally,7,23.0,34.0,2,113.0,135.0,0.213392295,64.0,1489500.0,322101,8833.0
161,aizawl,7,28.0,12.0,2,103.0,106.0,0.725949568,73.0,798.0,362220,887.0
162,dewas,7,27.0,37.0,2,107.0,152.0,0.009473836999999999,79.0,421365.0,351984,877.0
163,ichalkaranji,7,24.0,26.0,1,137.0,166.0,0.938262064,88.0,4408916.0,316554,8517.0
164,karnal,7,25.0,34.0,0,150.0,173.0,0.33875744700000004,83.0,1457944.0,377368,4738.0
165,bathinda,7,26.0,31.0,2,138.0,152.0,0.736867736,60.0,1457944.0,363977,3630.0
166,jalna,7,29.0,32.0,1,149.0,107.0,0.33216204,86.0,1457944.0,337320,5595.0
167,eluru,7,26.0,37.0,2,129.0,195.0,0.36580650600000003,62.0,1457944.0,404142,9465.0
168,barasat,7,24.0,40.0,1,141.0,172.0,0.35221899100000004,73.0,1457944.0,338541,9064.0
169,kirarisulemannagar,7,27.0,40.0,1,105.0,103.0,0.867002953,57.0,1457944.0,487484,9343.0
170,purnia,7,24.0,34.0,1,123.0,170.0,0.8633917870000001,51.0,1457944.0,434712,8910.0
171,satna,7,25.0,40.0,0,116.0,185.0,0.840118675,99.0,1457944.0,339263,759.0
172,mau,7,29.0,35.0,2,139.0,117.0,0.48364136700000004,60.0,1457944.0,354579,1958.0
173,sonipat,7,29.0,38.0,1,116.0,131.0,0.06725917599999999,86.0,1457944.0,346390,5498.0
174,farrukhabad,7,24.0,28.0,2,117.0,114.0,0.342686439,77.0,1457944.0,325378,1652.0
175,durg,7,27.0,39.0,0,115.0,135.0,0.12924485300000002,92.0,1457944.0,304892,10251.0
176,imphal,7,27.0,9.0,0,150.0,101.0,0.292217408,80.0,1457944.0,310081,10585.0
177,ratlam,7,25.0,32.0,1,137.0,125.0,0.514864536,73.0,1457944.0,308817,1387.0
178,hapur,7,23.0,33.0,0,150.0,105.0,0.950670483,66.0,1457944.0,317401,2040.0
179,arrah,7,25.0,31.0,0,118.0,184.0,0.938506214,84.0,1457944.0,325317,9221.0
180,anantapur,7,24.0,39.0,2,140.0,105.0,0.327263915,85.0,1457944.0,304625,8459.0
181,karimnagar,7,27.0,27.0,1,135.0,148.0,0.230800299,95.0,1457944.0,321640,6245.0
182,etawah,7,27.0,27.0,2,104.0,183.0,0.110137057,97.0,1457944.0,305897,2887.0
183,ambarnath,7,25.0,37.0,1,101.0,164.0,0.250935385,99.0,1457944.0,308236,8701.0
184,northdumdum,7,27.0,33.0,0,139.0,151.0,0.20217857600000003,52.0,1457944.0,287171,10261.0
185,bharatpur,7,24.0,40.0,2,122.0,138.0,0.5548756229999999,57.0,1457944.0,302861,3877.0
186,begusarai,7,24.0,31.0,1,101.0,112.0,0.301761472,97.0,1457944.0,618847,8901.0
187,newdelhi,7,23.0,40.0,0,100.0,113.0,0.739131752,68.0,1457944.0,212604,8051.0
188,gandhidham,7,29.0,30.0,0,119.0,107.0,0.264745632,94.0,1457944.0,355340,10082.0
189,baranagar,7,25.0,33.0,1,107.0,193.0,0.076656015,78.0,1457944.0,246490,9571.0
190,tiruvottiyur,7,29.0,28.0,1,141.0,187.0,0.052000098,100.0,1457944.0,284292,10488.0
191,pondicherry,7,24.0,25.0,0,118.0,187.0,0.637098865,50.0,1457944.0,261729,9995.0
192,sikar,7,25.0,37.0,1,149.0,116.0,0.601350819,63.0,1457944.0,296235,2962.0
193,thoothukudi,7,24.0,25.0,1,116.0,184.0,0.9620446779999999,68.0,1457944.0,257670,8776.0
194,rewa,7,23.0,33.0,2,144.0,123.0,0.42118120200000003,72.0,1457944.0,293475,1021.0
195,mirzapur,7,28.0,33.0,1,130.0,118.0,0.5100630939999999,67.0,1457944.0,261976,1945.0
196,raichur,7,24.0,34.0,2,107.0,177.0,0.856074149,80.0,1457944.0,256771,9096.0
197,pali,7,24.0,34.0,2,116.0,132.0,0.366713555,99.0,1457944.0,274898,4459.0
198,ramagundam,7,26.0,31.0,1,142.0,190.0,0.105798349,77.0,1457944.0,223793,9538.0
199,silchar,7,26.0,8.0,1,106.0,193.0,0.7140268059999999,54.0,1457944.0,277708,9361.0
200,haridwar,7,27.0,5.0,0,126.0,178.0,0.64380947,93.0,1457944.0,289822,5989.0
201,vijayanagaram,7,28.0,32.0,0,124.0,155.0,0.45680898700000006,89.0,1457944.0,288901,10003.0
202,tenali,7,29.0,38.0,2,123.0,167.0,0.112821757,94.0,1457944.0,269448,10383.0
203,nagercoil,7,28.0,27.0,2,129.0,188.0,0.6328853289999999,83.0,1457944.0,240452,10193.0
204,sriganganagar,7,23.0,30.0,0,149.0,135.0,0.43680371700000004,83.0,1457944.0,237770,7812.0
205,karawalnagar,7,23.0,38.0,1,148.0,112.0,0.138285393,77.0,1457944.0,324435,7812.0
206,mango,7,28.0,35.0,1,149.0,180.0,0.122320015,78.0,1457944.0,291150,10126.0
207,thanjavur,7,25.0,30.0,0,144.0,177.0,0.36573537899999997,66.0,1457944.0,229788,7906.0
208,bulandshahr,7,25.0,39.0,2,110.0,100.0,0.091452069,95.0,1457944.0,272903,2797.0
209,uluberia,7,26.0,39.0,0,120.0,173.0,0.8550205609999999,62.0,1457944.0,241396,9840.0
210,katni,7,25.0,31.0,1,107.0,173.0,0.999111407,83.0,1457944.0,257718,571.0
211,sambhal,7,23.0,30.0,2,113.0,123.0,0.463428529,79.0,1457944.0,261015,1845.0
212,singrauli,7,27.0,33.0,0,100.0,197.0,0.17501213899999998,50.0,1457944.0,256402,438.0
213,nadiad,7,26.0,37.0,0,124.0,113.0,0.646468197,98.0,1457944.0,242767,8997.0
214,secunderabad,7,26.0,27.0,2,115.0,197.0,0.437541636,74.0,1457944.0,228729,9705.0
215,naihati,7,26.0,38.0,0,110.0,111.0,0.754768842,72.0,1457944.0,220177,9923.0
216,yamunanagar,7,24.0,27.0,1,115.0,186.0,0.298301185,99.0,1457944.0,243385,2601.0
217,bidhannagar,7,26.0,28.0,1,119.0,150.0,0.6627313979999999,56.0,1457944.0,273852,9881.0
218,pallavaram,7,24.0,38.0,2,113.0,180.0,0.6310019729999999,74.0,1457944.0,306804,8795.0
219,bidar,7,25.0,31.0,1,102.0,137.0,0.9170534090000001,82.0,1457944.0,258968,5261.0
220,munger,7,25.0,39.0,2,114.0,129.0,0.33090838699999997,72.0,1457944.0,238127,9171.0
221,panchkula,7,27.0,36.0,0,135.0,135.0,0.239104648,70.0,1457944.0,302899,3632.0
222,burhanpur,7,27.0,27.0,0,138.0,107.0,0.7540460529999999,79.0,1457944.0,227075,595.0
223,raurkelaindustrialtownship,7,27.0,29.0,1,121.0,184.0,0.509143438,79.0,1457944.0,213512,10380.0
224,kharagpur,7,29.0,31.0,0,150.0,161.0,0.333383886,92.0,1457944.0,225564,11137.0
225,dindigul,7,23.0,26.0,2,132.0,176.0,0.084296935,50.0,1457944.0,216788,7681.0
226,gandhinagar,7,29.0,35.0,2,127.0,129.0,0.715780327,74.0,1457944.0,215449,9792.0
227,hospet,7,29.0,40.0,0,100.0,109.0,0.18632705300000002,87.0,1457944.0,251779,10673.0
228,nangloijat,7,28.0,27.0,2,102.0,197.0,0.316228501,51.0,1457944.0,270103,9779.0
229,malda,7,27.0,35.0,0,137.0,117.0,0.645689095,92.0,1457944.0,254133,5368.0
230,ongole,7,29.0,33.0,0,132.0,181.0,0.43122541700000006,76.0,1457944.0,268750,10720.0
231,deoghar,7,25.0,29.0,1,110.0,141.0,0.342547485,92.0,1457944.0,344858,1689.0
232,chapra,7,27.0,38.0,2,138.0,113.0,0.672194787,72.0,1457944.0,475101,9991.0
233,haldia,7,25.0,28.0,1,124.0,111.0,0.768494534,58.0,1457944.0,231577,9441.0
234,khandwa,7,24.0,32.0,0,125.0,193.0,0.89971729,88.0,1457944.0,229520,1121.0
235,nandyal,7,25.0,31.0,2,121.0,181.0,0.6908459379999999,99.0,1457944.0,254968,9191.0
236,morena,7,26.0,28.0,2,119.0,156.0,0.66769474,92.0,1457944.0,257481,2220.0
237,amroha,7,26.0,40.0,1,120.0,173.0,0.62484309,51.0,1457944.0,233201,2081.0
238,anand,7,26.0,38.0,2,104.0,105.0,0.8945377290000001,89.0,1457944.0,287168,8852.0
239,bhind,7,24.0,29.0,0,136.0,163.0,0.331701764,53.0,1457944.0,246403,677.0
240,bhalswajahangirpur,7,28.0,33.0,0,138.0,164.0,0.07979568299999999,95.0,1457944.0,247404,9712.0
241,madhyamgram,7,25.0,37.0,2,148.0,191.0,0.955389347,50.0,1457944.0,240603,9441.0
242,bhiwani,7,27.0,40.0,1,136.0,145.0,0.97770421,99.0,1457944.0,222643,8911.0
243,berhampore,7,29.0,29.0,1,150.0,105.0,0.228309896,50.0,1457944.0,232284,11103.0
244,ambala,7,24.0,33.0,0,106.0,116.0,0.05375761,72.0,1457944.0,263002,7883.0
245,morbi,7,26.0,39.0,0,116.0,152.0,0.8094308929999999,97.0,284973.0,252023,9049.0
246,fatehpur,7,25.0,33.0,2,138.0,112.0,0.37842517700000006,94.0,3104060.0,238908,1692.0
247,raebareli,7,26.0,29.0,1,127.0,179.0,0.45025594399999996,96.0,3104060.0,212840,9174.0
248,khoraghaziabad,7,23.0,29.0,1,134.0,150.0,0.173540312,68.0,3104060.0,267880,8107.0
249,chittoor,7,25.0,27.0,2,107.0,115.0,0.916722679,58.0,237854.0,228756,8801.0
250,bhusawal,7,26.0,36.0,0,102.0,171.0,0.179527298,89.0,4408916.0,201601,9205.0
251,orai,7,27.0,30.0,2,122.0,161.0,0.8433039170000001,84.0,3104060.0,242804,9613.0
252,bahraich,7,24.0,40.0,2,129.0,113.0,0.490878699,84.0,3104060.0,203385,2473.0
253,phusro,7,27.0,35.0,2,113.0,195.0,0.044702905999999994,62.0,167785.0,384594,9775.0
254,vellore,7,26.0,33.0,0,130.0,129.0,0.304590584,58.0,4684707.0,193592,12234.0
255,mehsana,7,26.0,25.0,2,131.0,128.0,0.931718037,97.0,284973.0,234336,8800.0
256,raiganj,7,28.0,25.0,1,103.0,171.0,0.815231989,63.0,1489500.0,201334,10608.0
257,sirsa,7,27.0,40.0,0,148.0,119.0,0.9364157320000001,61.0,303118.0,203988,8901.0
258,danapur,7,26.0,34.0,1,140.0,185.0,0.158182706,97.0,923737.0,244202,9486.0
259,serampore,7,26.0,32.0,1,118.0,167.0,0.038238772000000004,83.0,1489500.0,169087,9850.0
260,sultanpurmajra,7,24.0,30.0,0,117.0,129.0,0.34608855,90.0,2379169.0,197943,8344.0
261,guna,7,29.0,38.0,2,145.0,168.0,0.806395008,67.0,421365.0,230957,428.0
262,jaunpur,7,28.0,38.0,1,101.0,200.0,0.8567619670000001,86.0,3104060.0,200193,4236.0
263,panvel,7,23.0,30.0,0,96.0,150.0,0.39749566399999997,55.0,4408916.0,293911,8134.0
264,shivpuri,7,26.0,32.0,2,96.0,150.0,0.8119577490000001,74.0,421365.0,215108,1450.0
265,surendranagardudhrej,7,23.0,28.0,1,96.0,150.0,0.157503757,95.0,284973.0,199259,8005.0
266,unnao,7,23.0,26.0,2,96.0,150.0,0.021112682999999997,55.0,3104060.0,212776,2713.0
267,chinsurah,7,28.0,38.0,2,96.0,150.0,0.199412527,58.0,1489500.0,183629,10608.0
268,alappuzha,7,30.0,29.0,0,96.0,150.0,0.641694501,75.0,977479.0,171723,7308.0
269,kottayam,7,32.0,32.0,2,96.0,150.0,0.954123837,65.0,977479.0,222457,5611.0
270,machilipatnam,7,28.0,33.0,0,96.0,150.0,0.132712176,91.0,237854.0,162126,9958.0
271,shimla,7,28.0,13.0,1,96.0,150.0,0.385515055,85.0,406108.0,197437,10485.0
272,adoni,7,26.0,40.0,2,96.0,150.0,0.345380979,88.0,237854.0,253197,9309.0
273,udupi,7,28.0,29.0,0,96.0,150.0,0.772812955,83.0,636502.0,244358,13751.0
274,katihar,7,24.0,37.0,2,96.0,150.0,0.6770359029999999,68.0,923737.0,226707,8747.0
275,proddatur,7,25.0,40.0,0,96.0,150.0,0.671401206,80.0,237854.0,288756,8771.0
276,mahbubnagar,7,28.0,33.0,0,96.0,150.0,0.18283604399999998,79.0,126078.0,232240,10317.0
277,kallakurichi,3,27.0,30.0,2,96.0,150.0,0.312736933,67.0,4684707.0,209833,7521.0
278,saharsa,7,24.0,35.0,2,96.0,150.0,0.592634985,74.0,923737.0,187416,8699.0
279,dibrugarh,7,23.0,15.0,1,96.0,150.0,0.312840722,53.0,24720.0,170455,8419.0
280,jorhat,7,29.0,13.0,0,112.0,131.0,0.9418212890000001,81.0,24720.0,203727,10627.0
281,hazaribagh,7,27.0,31.0,2,139.0,115.0,0.823940718,91.0,167785.0,181172,9829.0
282,hindupur,7,23.0,36.0,0,125.0,174.0,0.006412195,61.0,237854.0,253511,8162.0
283,khairthal,3,29.0,27.0,1,115.0,134.0,0.515756997,82.0,1475311.0,211127,10128.0
284,medinipur,3,25.0,30.0,1,149.0,138.0,0.74954736,63.0,1489500.0,225498,9521.0
285,nagaon,7,25.0,9.0,2,103.0,115.0,0.9452625259999999,91.0,24720.0,174838,8811.0
286,sasaram,7,26.0,32.0,0,144.0,169.0,0.036047587,89.0,923737.0,163195,9538.0
287,hajipur,7,27.0,25.0,2,124.0,133.0,0.49784633,96.0,923737.0,176886,9991.0
288,giridih,7,23.0,26.0,1,113.0,146.0,0.09025461800000001,68.0,167785.0,207969,8300.0
289,bhimavaram,7,27.0,39.0,1,142.0,127.0,0.928315027,77.0,237854.0,162173,9602.0
290,kumbakonam,7,28.0,28.0,2,134.0,133.0,0.6788584759999999,88.0,4684707.0,137559,10283.0
291,bongaigaon,7,29.0,6.0,1,128.0,172.0,0.949643267,55.0,24720.0,185410,10557.0
292,dehri,7,25.0,31.0,0,112.0,102.0,0.888308105,83.0,923737.0,157339,9061.0
293,madanapalle,7,25.0,25.0,2,136.0,108.0,0.061380214,55.0,237854.0,184794,8951.0
294,siwan,7,27.0,35.0,1,128.0,200.0,0.921276135,87.0,923737.0,158461,9980.0
295,bettiah,7,28.0,37.0,2,104.0,129.0,0.569425673,59.0,923737.0,148914,10406.0
296,ramgarh,7,28.0,35.0,1,127.0,153.0,0.635264355,51.0,167785.0,224613,10036.0
297,tinsukia,7,23.0,6.0,0,102.0,137.0,0.329886606,52.0,24720.0,152637,8263.0
298,guntakal,7,29.0,37.0,1,137.0,138.0,0.262276928,52.0,237854.0,152946,10754.0
299,srikakulam,7,23.0,26.0,0,148.0,181.0,0.217714133,77.0,237854.0,162120,8134.0
300,motihari,7,25.0,38.0,0,150.0,145.0,0.177767521,67.0,923737.0,151582,9151.0
301,phagwara,0,24.0,35.0,1,128.0,194.0,0.49610374100000004,100.0,242367.0,162868,8363.0
302,dharmavaram,7,25.0,39.0,1,112.0,129.0,0.608428341,96.0,237854.0,131944,8881.0
303,medininagar,7,23.0,29.0,2,103.0,127.0,0.004921502,71.0,167785.0,135020,8244.0
304,gudivada,7,24.0,33.0,2,101.0,125.0,0.735504662,99.0,237854.0,143755,8536.0
305,phagwara,7,27.0,33.0,0,139.0,178.0,0.386768276,62.0,242367.0,160230,9430.0
306,hosur,7,29.0,34.0,1,142.0,182.0,0.847106798,71.0,4684707.0,131531,10476.0
307,narasaraopet,7,26.0,28.0,2,134.0,184.0,0.45085725,90.0,237854.0,126366,9372.0
308,suryapet,7,25.0,31.0,1,144.0,150.0,0.774083237,58.0,126078.0,137071,3148.0
309,miryalaguda,7,23.0,35.0,1,140.0,110.0,0.021000407999999998,54.0,126078.0,129164,8612.0
310,tadipatri,7,23.0,29.0,0,116.0,178.0,0.684681386,52.0,237854.0,122010,8263.0
311,karaikudi,7,26.0,36.0,0,141.0,143.0,0.896985855,88.0,4684707.0,128199,9517.0
312,kishanganj,7,24.0,32.0,1,105.0,181.0,0.662749562,62.0,923737.0,127409,8843.0
313,jamalpur,7,23.0,30.0,2,107.0,119.0,0.7805081559999999,74.0,923737.0,112966,8300.0
314,ballia,7,28.0,38.0,0,101.0,120.0,0.265044216,84.0,3104060.0,113586,4764.0
315,kavali,7,24.0,26.0,1,145.0,174.0,0.794026337,69.0,237854.0,115135,8584.0
316,tadepalligudem,7,29.0,37.0,0,125.0,188.0,0.650818141,97.0,237854.0,118325,10186.0
317,amaravati,7,28.0,29.0,0,120.0,169.0,0.5188600489999999,80.0,237854.0,121078,9790.0
318,buxar,7,27.0,29.0,0,109.0,108.0,0.816035195,56.0,923737.0,123355,9883.0
319,tezpur,7,29.0,8.0,1,104.0,110.0,0.510582405,60.0,24720.0,123344,10476.0
320,jehanabad,7,28.0,33.0,1,145.0,156.0,0.2702193,51.0,923737.0,125282,10283.0
321,aurangabad,7,25.0,31.0,1,122.0,130.0,0.430665285,60.0,923737.0,126041,27667.0
322,gangtok,7,23.0,30.0,2,103.0,170.0,0.120447913,92.0,38479.0,310308,8171.0
323,tirur,3,29.0,36.0,1,59.0,170.0,0.9575386790000001,22.0,977479.0,125274,2790.0
324,portblair,18,29.0,30.0,0,90.0,148.0,0.8528719000000001,15.0,14674.0,114220,2538.0
325,lakhisarai,1,28.0,32.0,1,96.0,104.0,0.7040889440000001,27.0,923737.0,127375,2520.0
326,panaji,5,30.0,29.0,1,99.0,126.0,0.730156535,10.0,541480.0,126990,2943.0
327,tinsukia,4,25.0,8.0,1,96.0,184.0,0.264396623,15.0,24720.0,126699,2285.0
328,itarsi,3,27.0,33.0,2,96.0,178.0,0.753153719,16.0,421365.0,124361,2490.0
329,kohima,2,25.0,11.0,0,92.0,109.0,0.9480553279999999,13.0,2769.0,108844,1531.0
330,balangir,3,26.0,30.0,1,99.0,108.0,0.85249311,27.0,66971.0,122995,2676.0
331,nawada,10,26.0,30.0,1,75.0,172.0,0.769372595,20.0,923737.0,124891,2551.0
332,jharsuguda,3,26.0,30.0,0,56.0,153.0,0.480670073,14.0,66971.0,122359,2276.0
333,gadwal,3,26.0,30.0,1,92.0,131.0,0.251361715,30.0,126078.0,121292,2686.0
334,jagtial,3,26.0,30.0,0,70.0,143.0,0.6526416420000001,13.0,126078.0,120782,2797.0
335,viluppuram,3,26.0,30.0,2,87.0,116.0,0.424913996,30.0,4684707.0,120511,8990.0
336,amalner,18,28.0,35.0,1,94.0,149.0,0.477545947,10.0,4408916.0,109662,2464.0
337,zirakpur,18,24.0,28.0,1,53.0,141.0,0.609382026,30.0,242367.0,109158,2105.0
338,tanda,4,24.0,27.0,0,56.0,176.0,0.727641216,14.0,3104060.0,121689,2064.0
339,tiruchengode,3,26.0,35.0,2,88.0,198.0,0.039670454,15.0,4684707.0,119361,2382.0
340,nagina,15,24.0,37.0,0,90.0,193.0,0.5049940589999999,12.0,3104060.0,121345,2091.0
341,yemmiganur,3,25.0,36.0,0,52.0,193.0,0.621372395,27.0,237854.0,119128,2258.0
342,vaniyambadi,3,24.0,38.0,0,84.0,166.0,0.19696529899999998,28.0,4684707.0,119017,2189.0
343,sarni,3,24.0,34.0,1,83.0,173.0,0.33912043700000005,16.0,421365.0,118956,2220.0
344,theniallinagaram,3,23.0,40.0,0,66.0,189.0,0.42594840799999995,30.0,4684707.0,118257,2121.0
345,margao,5,31.0,33.0,0,88.0,188.0,0.6540637429999999,18.0,541480.0,120245,3014.0
346,akot,18,29.0,37.0,2,69.0,187.0,0.108214992,30.0,4408916.0,105827,2567.0
347,sehore,5,24.0,38.0,0,70.0,118.0,0.394321081,30.0,421365.0,117870,947.0
348,mhowcantonment,5,26.0,33.0,1,97.0,121.0,0.075472117,25.0,421365.0,117673,2372.0
349,kotkapura,18,29.0,28.0,2,83.0,125.0,0.508608065,17.0,242367.0,105075,2523.0
350,makrana,5,26.0,30.0,1,73.0,107.0,0.009398607,15.0,1475311.0,117022,2247.0
351,pandharpur,18,25.0,35.0,2,88.0,156.0,0.623502899,12.0,4408916.0,104389,2210.0
352,miryalaguda,5,24.0,38.0,0,55.0,186.0,0.24363982899999997,27.0,126078.0,116511,2240.0
353,shamli,4,26.0,32.0,2,57.0,124.0,0.957250255,20.0,3104060.0,115992,1591.0
354,seoni,3,23.0,37.0,1,92.0,116.0,0.184795505,15.0,421365.0,113968,358.0
355,ranibennur,16,26.0,37.0,0,99.0,179.0,0.166082103,11.0,636502.0,115737,2473.0
356,kadiri,3,28.0,37.0,2,57.0,116.0,0.9442371070000001,15.0,237854.0,113640,2599.0
357,shrirampur,5,27.0,25.0,2,89.0,101.0,0.085675055,16.0,4408916.0,115586,2374.0
358,parli,18,28.0,35.0,2,95.0,129.0,0.079173227,22.0,4408916.0,103329,2481.0
359,najibabad,4,26.0,34.0,1,51.0,169.0,0.561185127,18.0,3104060.0,114692,2301.0
360,nirmal,3,27.0,30.0,0,69.0,197.0,0.874702855,12.0,126078.0,111730,1043.0
361,udhagamandalam,3,29.0,27.0,0,62.0,178.0,0.028635293,16.0,4684707.0,110716,2660.0
362,shikohabad,4,26.0,35.0,0,78.0,182.0,0.456915754,15.0,3104060.0,112319,2262.0
363,jhumritilaiya,1,26.0,37.0,0,52.0,147.0,0.903548749,23.0,167785.0,111944,2343.0
364,aruppukkottai,3,28.0,25.0,1,91.0,103.0,0.263113014,23.0,4684707.0,109829,2523.0
365,ponnani,3,31.0,25.0,1,63.0,182.0,0.130208023,24.0,977479.0,109545,3017.0
366,jamui,1,27.0,26.0,2,80.0,158.0,0.36850973600000003,18.0,923737.0,111294,2452.0
367,sitamarhi,5,28.0,38.0,0,67.0,197.0,0.7124902759999999,29.0,923737.0,111194,2579.0
368,chirala,3,28.0,34.0,0,76.0,195.0,0.769452386,10.0,237854.0,109176,2506.0
369,anjar,3,28.0,40.0,2,91.0,141.0,0.206604802,18.0,284973.0,109155,2386.0
370,karaikal,3,26.0,25.0,2,100.0,150.0,0.4970691911143739,13.0,106153.0,108722,1222.0
371,hansi,18,26.0,31.0,0,87.0,150.0,0.4970691911143739,18.0,303118.0,99124,2190.0
372,anakapalle,3,23.0,37.0,2,68.0,150.0,0.4970691911143739,13.0,237854.0,110226,2123.0
373,mahasamund,3,23.0,38.0,1,66.0,150.0,0.4970691911143739,16.0,6394.0,109119,2208.0
374,faridkot,18,27.0,37.0,0,72.0,150.0,0.4970691911143739,10.0,242367.0,97599,1775.0
375,saunda,9,29.0,36.0,1,88.0,150.0,0.4970691911143739,27.0,167785.0,108387,2605.0
376,dhoraji,3,23.0,30.0,2,70.0,150.0,0.4970691911143739,14.0,284973.0,105852,1985.0
377,paramakudi,3,28.0,30.0,0,61.0,150.0,0.4970691911143739,18.0,4684707.0,105571,2523.0
378,balaghat,3,23.0,27.0,0,91.0,150.0,0.4970691911143739,17.0,421365.0,105496,472.0
379,sujangarh,3,29.0,40.0,1,91.0,150.0,0.4970691911143739,22.0,1475311.0,104976,2506.0
380,khambhat,3,24.0,34.0,2,51.0,150.0,0.4970691911143739,14.0,284973.0,104812,2016.0
381,muktsar,18,24.0,38.0,1,60.0,150.0,0.4970691911143739,15.0,242367.0,95566,2086.0
382,rajpura,18,28.0,34.0,0,86.0,150.0,0.4970691911143739,13.0,242367.0,94767,2470.0
383,kavali,3,23.0,30.0,2,58.0,150.0,0.4970691911143739,14.0,237854.0,103086,2130.0
384,dhamtari,3,26.0,29.0,0,99.0,150.0,0.4970691911143739,26.0,6394.0,102804,2502.0
385,ashoknagar,3,25.0,36.0,2,75.0,150.0,0.4970691911143739,28.0,421365.0,102450,2293.0
386,sardarshahar,3,23.0,31.0,2,90.0,150.0,0.4970691911143739,11.0,1475311.0,101906,1978.0
387,bargarh,3,26.0,39.0,0,55.0,150.0,0.4970691911143739,23.0,66971.0,100944,4038.0
388,kamareddy,3,26.0,33.0,2,57.0,150.0,0.4970691911143739,16.0,126078.0,100556,2820.0
389,sahibganj,3,25.0,36.0,0,57.0,150.0,0.4970691911143739,25.0,167785.0,100353,2225.0
390,coochbehar,3,27.0,35.0,1,50.0,150.0,0.4970691911143739,20.0,1489500.0,100017,4025.0
391,kothagudem,3,23.0,35.0,2,63.0,150.0,0.4970691911143739,30.0,126078.0,99934,2128.0
392,ramanagaram,16,24.0,29.0,2,92.0,150.0,0.4970691911143739,29.0,636502.0,101149,2232.0
393,gokak,16,29.0,28.0,2,89.0,150.0,0.4970691911143739,18.0,636502.0,100801,2741.0
394,tikamgarh,3,25.0,28.0,2,86.0,150.0,0.4970691911143739,15.0,421365.0,100782,525.0
395,araria,1,24.0,30.0,1,100.0,150.0,0.4970691911143739,17.0,923737.0,100674,2208.0
396,rishikesh,5,23.0,11.0,2,85.0,150.0,0.4970691911143739,13.0,105882.0,100399,1919.0
397,shahdol,3,26.0,31.0,1,73.0,150.0,0.4970691911143739,26.0,421365.0,98438,779.0
398,medininagardaltonganj,10,23.0,31.0,0,99.0,150.0,0.4970691911143739,26.0,167785.0,99877,2061.0
399,arakkonam,3,24.0,31.0,2,75.0,150.0,0.4970691911143739,27.0,4684707.0,98151,2163.0
400,washim,18,25.0,33.0,0,69.0,150.0,0.4970691911143739,12.0,4408916.0,89548,2175.0
401,sangrur,18,25.0,28.0,1,96.0,150.0,0.4970691911143739,13.0,242367.0,89093,2600.0
402,bodhan,3,28.0,25.0,0,94.0,150.0,0.4970691911143739,30.0,126078.0,97097,2610.0
403,fazilka,18,23.0,39.0,1,77.0,150.0,0.4970691911143739,22.0,242367.0,87382,1277.0
404,keshod,3,26.0,29.0,0,85.0,150.0,0.4970691911143739,27.0,284973.0,95395,2184.0
405,chintamani,16,28.0,40.0,1,70.0,150.0,0.4970691911143739,15.0,636502.0,96912,2663.0
406,sullurpeta,3,24.0,38.0,2,56.0,150.0,0.4970691911143739,27.0,237854.0,95059,2187.0
407,wadhwan,3,26.0,26.0,2,93.0,150.0,0.4970691911143739,17.0,284973.0,94846,2210.0
408,gurdaspur,18,25.0,30.0,2,75.0,150.0,0.4970691911143739,10.0,242367.0,86306,3598.0
409,vatakara,3,28.0,26.0,1,53.0,150.0,0.4970691911143739,26.0,977479.0,94270,2716.0
410,tura,3,29.0,7.0,2,54.0,150.0,0.4970691911143739,26.0,8027.0,93723,2871.0
411,narnaul,18,23.0,36.0,2,61.0,150.0,0.4970691911143739,22.0,303118.0,85199,1937.0
412,kharar,18,28.0,33.0,1,50.0,150.0,0.4970691911143739,14.0,242367.0,85061,2439.0
413,yadgir,16,27.0,28.0,2,97.0,150.0,0.4970691911143739,16.0,636502.0,94652,2549.0
414,ambejogai,18,27.0,27.0,1,65.0,150.0,0.4970691911143739,22.0,4408916.0,84508,2374.0
415,ankleshwar,3,28.0,35.0,0,92.0,150.0,0.4970691911143739,10.0,284973.0,92559,2375.0
416,savarkundla,3,25.0,38.0,2,91.0,150.0,0.4970691911143739,11.0,284973.0,92366,2148.0
417,paradip,20,25.0,30.0,0,96.0,150.0,0.4970691911143739,29.0,66971.0,93799,2370.0
418,virudhachalam,3,28.0,26.0,2,75.0,150.0,0.4970691911143739,13.0,4684707.0,92129,2582.0
419,kanhangad,3,28.0,31.0,1,100.0,150.0,0.4970691911143739,28.0,977479.0,91968,2744.0
420,kadi,3,24.0,33.0,0,55.0,150.0,0.4970691911143739,19.0,284973.0,91930,2016.0
421,srivilliputhur,3,24.0,25.0,1,88.0,150.0,0.4970691911143739,20.0,4684707.0,93467,2213.0
422,gobindgarh,18,29.0,26.0,1,68.0,150.0,0.4970691911143739,21.0,242367.0,83784,2523.0
423,tindivanam,3,25.0,27.0,2,85.0,150.0,0.4970691911143739,14.0,4684707.0,91457,2258.0
424,karunagappally,3,30.0,30.0,0,66.0,150.0,0.4970691911143739,17.0,977479.0,91261,2892.0
425,mansa,18,26.0,27.0,1,76.0,150.0,0.4970691911143739,25.0,242367.0,82991,900.0
426,taliparamba,3,30.0,25.0,2,88.0,150.0,0.4970691911143739,26.0,977479.0,90727,2895.0
427,manmad,18,28.0,40.0,2,84.0,150.0,0.4970691911143739,11.0,4408916.0,82710,2490.0
428,tanuku,3,26.0,31.0,1,98.0,150.0,0.4970691911143739,18.0,237854.0,90580,2351.0
429,rayachoti,9,24.0,33.0,0,76.0,150.0,0.4970691911143739,24.0,237854.0,92107,2192.0
430,virudhunagar,3,27.0,35.0,2,74.0,150.0,0.4970691911143739,22.0,4684707.0,90515,13576.0
431,koyilandy,3,31.0,36.0,2,100.0,150.0,0.4970691911143739,18.0,977479.0,89986,2995.0
432,jorhat,4,27.0,5.0,0,100.0,150.0,0.4970691911143739,23.0,24720.0,91451,2471.0
433,karur,3,24.0,37.0,2,82.0,150.0,0.4970691911143739,26.0,4684707.0,88868,2053.0
434,valparai,3,24.0,40.0,2,74.0,150.0,0.4970691911143739,16.0,4684707.0,88716,2184.0
435,srikalahasti,3,27.0,35.0,0,77.0,150.0,0.4970691911143739,15.0,237854.0,88710,2441.0
436,neyyattinkara,3,30.0,35.0,0,53.0,150.0,0.4970691911143739,20.0,977479.0,88705,2913.0
437,bapatla,3,29.0,38.0,1,100.0,150.0,0.4970691911143739,19.0,237854.0,88614,2576.0
438,fatehabad,18,23.0,36.0,2,93.0,150.0,0.4970691911143739,24.0,303118.0,80854,1902.0
439,malout,18,23.0,31.0,2,64.0,150.0,0.4970691911143739,24.0,242367.0,80841,2031.0
440,sankarankovil,3,28.0,25.0,0,90.0,150.0,0.4970691911143739,28.0,4684707.0,88360,2562.0
441,tenkasi,3,26.0,33.0,2,63.0,150.0,0.4970691911143739,30.0,4684707.0,88323,6092.0
442,ratnagiri,18,27.0,26.0,2,62.0,150.0,0.4970691911143739,28.0,4408916.0,80404,2355.0
443,rabkavibanhatti,16,24.0,30.0,2,71.0,150.0,0.4970691911143739,12.0,636502.0,89496,2230.0
444,sikandrabad,4,25.0,34.0,2,74.0,150.0,0.4970691911143739,25.0,3104060.0,89011,2185.0
445,chaibasa,15,28.0,38.0,0,89.0,150.0,0.4970691911143739,10.0,167785.0,88627,2546.0
446,chirmiri,0,26.0,40.0,2,93.0,150.0,0.4970691911143739,14.0,6394.0,88297,2486.0
447,palwancha,3,25.0,35.0,0,74.0,150.0,0.4970691911143739,15.0,126078.0,86499,2315.0
448,bhawanipatna,3,28.0,30.0,0,62.0,150.0,0.4970691911143739,13.0,66971.0,86445,2630.0
449,kayamkulam,3,30.0,26.0,1,74.0,150.0,0.4970691911143739,27.0,977479.0,85930,2916.0
450,pithampur,1,29.0,30.0,0,81.0,150.0,0.4970691911143739,29.0,421365.0,86735,2674.0
451,nabha,18,29.0,25.0,0,81.0,150.0,0.4970691911143739,10.0,242367.0,77650,2570.0
452,shahabadhardoi,4,23.0,34.0,2,66.0,150.0,0.4970691911143739,13.0,3104060.0,86316,2029.0
453,dhenkanal,3,25.0,27.0,1,61.0,150.0,0.4970691911143739,22.0,66971.0,84403,2398.0
454,uranislampur,18,28.0,26.0,1,71.0,150.0,0.4970691911143739,16.0,4408916.0,85857,2495.0
455,gopalganj,1,23.0,38.0,2,63.0,150.0,0.4970691911143739,11.0,923737.0,85791,2119.0
456,bongaigaoncity,4,27.0,10.0,2,58.0,150.0,0.4970691911143739,14.0,24720.0,85769,2403.0
457,palani,3,27.0,25.0,2,70.0,150.0,0.4970691911143739,23.0,4684707.0,84174,2444.0
458,pusad,18,27.0,29.0,0,51.0,150.0,0.4970691911143739,30.0,4408916.0,76672,2382.0
459,sopore,5,28.0,15.0,0,93.0,150.0,0.4970691911143739,27.0,58568.0,85312,2534.0
460,pilkhuwa,4,23.0,28.0,1,54.0,150.0,0.4970691911143739,17.0,3104060.0,85240,1983.0
461,tarntaran,18,25.0,25.0,1,72.0,150.0,0.4970691911143739,23.0,242367.0,76365,1103.0
462,renukoot,5,26.0,34.0,2,88.0,150.0,0.4970691911143739,28.0,3104060.0,84845,2286.0
463,mandamarri,3,25.0,33.0,1,86.0,150.0,0.4970691911143739,24.0,126078.0,83379,2313.0
464,shahabad,5,28.0,25.0,1,89.0,150.0,0.4970691911143739,10.0,636502.0,84785,2607.0
465,barbil,3,27.0,39.0,0,99.0,150.0,0.4970691911143739,17.0,66971.0,83308,2587.0
466,koratla,3,27.0,29.0,1,67.0,150.0,0.4970691911143739,14.0,126078.0,83264,2514.0
467,madhubani,3,28.0,37.0,1,91.0,150.0,0.4970691911143739,22.0,923737.0,83059,2585.0
468,arambagh,3,29.0,37.0,1,79.0,150.0,0.4970691911143739,12.0,1489500.0,82851,2747.0
469,puliyankudi,3,25.0,36.0,2,65.0,150.0,0.4970691911143739,23.0,4684707.0,82633,2273.0
470,gohana,2,27.0,34.0,1,59.0,150.0,0.4970691911143739,21.0,303118.0,72213,2274.0
471,ladnu,3,24.0,30.0,0,82.0,150.0,0.4970691911143739,19.0,1475311.0,82101,2067.0
472,pattukkottai,3,24.0,27.0,1,61.0,150.0,0.4970691911143739,26.0,4684707.0,82048,2196.0
473,sirsi,5,27.0,30.0,1,56.0,150.0,0.4970691911143739,27.0,636502.0,83238,2568.0
474,sircilla,3,24.0,30.0,1,75.0,150.0,0.4970691911143739,13.0,126078.0,81774,2242.0
475,tamluk,3,25.0,26.0,2,97.0,150.0,0.4970691911143739,26.0,1489500.0,81764,2363.0
476,jagraon,18,27.0,29.0,0,79.0,150.0,0.4970691911143739,11.0,242367.0,74529,2425.0
477,alirajpur,3,25.0,25.0,1,98.0,150.0,0.4970691911143739,21.0,421365.0,81671,2323.0
478,alipurduar,3,27.0,29.0,2,62.0,150.0,0.4970691911143739,13.0,1489500.0,81671,3076.0
479,tandur,3,29.0,28.0,1,54.0,150.0,0.4970691911143739,26.0,126078.0,81525,2677.0
480,naidupet,3,23.0,36.0,2,85.0,150.0,0.4970691911143739,23.0,237854.0,81381,2073.0
481,tiruppur,5,23.0,31.0,2,65.0,143.0,0.43558892200000005,14.0,4684707.0,82460,4066.0
482,tirupathur,3,25.0,33.0,0,82.0,105.0,0.507363139,10.0,4684707.0,80285,3506.0
483,tohana,2,28.0,34.0,1,68.0,152.0,0.19366687,23.0,303118.0,70194,2355.0
484,chikkaballapur,16,24.0,38.0,2,61.0,159.0,0.048153771,11.0,636502.0,81093,2240.0
485,ratangarh,3,29.0,32.0,0,58.0,154.0,0.210722518,27.0,1475311.0,79485,2477.0
486,dhubri,4,24.0,9.0,1,89.0,130.0,0.096513624,15.0,24720.0,80757,2129.0
487,masaurhi,10,24.0,25.0,2,72.0,175.0,0.6986580170000001,29.0,923737.0,80579,2225.0
488,visnagar,3,26.0,26.0,1,67.0,148.0,0.329043735,15.0,284973.0,78968,2190.0
489,vrindavan,4,24.0,35.0,0,80.0,109.0,0.938964612,26.0,3104060.0,80269,2074.0
490,nokha,3,29.0,31.0,2,52.0,156.0,0.27504460199999997,29.0,1475311.0,78500,2526.0
491,nagari,3,23.0,32.0,0,65.0,118.0,0.9139428390000001,24.0,237854.0,77941,2098.0
492,chidambaram,19,29.0,34.0,2,74.0,143.0,0.43898665,13.0,4684707.0,79184,2628.0
493,narwana,18,29.0,35.0,2,79.0,148.0,0.237881435,19.0,303118.0,70930,2402.0
494,ramanathapuram,3,26.0,30.0,1,62.0,148.0,0.165496323,10.0,4684707.0,77687,5132.0
495,ujhani,15,25.0,39.0,0,70.0,110.0,0.717955585,16.0,3104060.0,79038,2160.0
496,samastipur,5,26.0,35.0,0,65.0,199.0,0.697652843,12.0,923737.0,78986,2374.0
497,laharpur,15,27.0,30.0,1,65.0,164.0,0.869022293,13.0,3104060.0,78976,2390.0
498,sangamner,18,29.0,26.0,2,52.0,186.0,0.7940479020000001,26.0,4408916.0,70779,2561.0
499,nimbahera,3,28.0,26.0,2,95.0,199.0,0.7786541020000001,29.0,1475311.0,77560,2436.0
500,siddipet,3,27.0,36.0,2,57.0,162.0,0.23473135899999997,11.0,126078.0,77386,3151.0
501,suri,3,29.0,40.0,2,85.0,149.0,0.191965205,22.0,1489500.0,77382,2750.0
502,diphu,6,29.0,7.0,0,95.0,124.0,0.086142892,26.0,24720.0,78730,2576.0
503,jhargram,3,27.0,27.0,0,75.0,179.0,0.658050716,20.0,1489500.0,77264,334.0
504,shirpurwarwade,18,28.0,28.0,1,87.0,155.0,0.94603355,14.0,4408916.0,70477,2439.0
505,thrippunithura,3,30.0,37.0,0,98.0,188.0,0.746829105,10.0,977479.0,77163,2901.0
506,thrissur,3,32.0,30.0,0,53.0,167.0,0.9006632240000001,13.0,977479.0,77163,3092.0
507,tilhar,15,27.0,28.0,1,65.0,197.0,0.216427325,11.0,3104060.0,78281,2352.0
508,sindhnur,14,29.0,26.0,0,74.0,106.0,0.391089908,13.0,636502.0,78048,2706.0
509,udumalaipettai,3,25.0,32.0,2,83.0,138.0,0.134305617,29.0,4684707.0,76539,2283.0
510,malkapur,18,28.0,37.0,2,53.0,145.0,0.251915873,22.0,4408916.0,69699,2490.0
511,wanaparthy,3,25.0,30.0,0,84.0,187.0,0.384865364,28.0,126078.0,76380,1634.0
512,gudur,3,26.0,33.0,2,55.0,169.0,0.711058208,25.0,237854.0,76189,2327.0
513,kendujhar,3,24.0,33.0,2,63.0,124.0,0.10619038800000001,10.0,66971.0,76111,2259.0
514,mandla,5,28.0,35.0,2,76.0,178.0,0.8412437859999999,26.0,421365.0,77272,2548.0
515,piler,9,25.0,34.0,0,70.0,154.0,0.516791006,23.0,237854.0,77261,2295.0
516,nedumangad,3,30.0,38.0,0,65.0,115.0,0.984891145,25.0,977479.0,75669,2874.0
517,gunupur,3,25.0,35.0,1,95.0,139.0,0.465529344,23.0,66971.0,75439,2355.0
518,northlakhimpur,4,25.0,11.0,2,63.0,177.0,0.031631892,29.0,24720.0,76367,2280.0
519,vinukonda,3,28.0,26.0,0,54.0,107.0,0.764981633,19.0,237854.0,74776,2445.0
520,mandideep,3,24.0,29.0,1,85.0,197.0,0.801880843,21.0,421365.0,74687,2213.0
521,tiptur,16,26.0,27.0,1,86.0,176.0,0.31019972,19.0,636502.0,75859,2392.0
522,gobichettipalayam,3,24.0,34.0,2,66.0,109.0,0.7260072059999999,26.0,4684707.0,74523,2165.0
523,dhone,3,28.0,38.0,2,57.0,133.0,0.795494465,29.0,237854.0,74209,2512.0
524,sunabeda,20,25.0,37.0,0,91.0,188.0,0.737534955,30.0,66971.0,75019,2385.0
525,wani,18,24.0,38.0,1,77.0,172.0,0.26472683399999997,22.0,4408916.0,67217,2096.0
526,upleta,3,29.0,40.0,0,72.0,123.0,0.874730694,30.0,284973.0,73587,2448.0
527,narasapuram,3,23.0,35.0,1,52.0,159.0,0.756297091,14.0,237854.0,73581,2114.0
528,nuzvid,3,24.0,35.0,0,73.0,194.0,0.10870258099999999,24.0,237854.0,73355,2220.0
529,tezpur,4,25.0,8.0,1,94.0,159.0,0.022317482000000003,10.0,24720.0,74605,2250.0
530,una,3,24.0,36.0,0,93.0,162.0,0.958529442,10.0,284973.0,73277,2069.0
531,markapur,3,25.0,27.0,0,96.0,125.0,0.280087579,14.0,237854.0,73195,2265.0
532,sheopur,5,24.0,31.0,2,57.0,165.0,0.575362358,26.0,421365.0,74328,2211.0
533,thiruvarur,3,24.0,29.0,2,83.0,116.0,0.09842301199999999,19.0,4684707.0,72994,4816.0
534,sidhpur,5,23.0,40.0,0,89.0,188.0,0.083519829,21.0,284973.0,74139,1946.0
535,sahaswan,4,27.0,27.0,1,64.0,174.0,0.40677465,10.0,3104060.0,74127,2384.0
536,suratgarh,3,23.0,37.0,2,59.0,144.0,0.10581063800000001,12.0,1475311.0,72765,1974.0
537,shajapur,5,29.0,28.0,2,74.0,126.0,0.617464754,20.0,421365.0,73660,2677.0
538,rayagada,3,23.0,34.0,0,64.0,148.0,0.646896802,12.0,66971.0,72314,2208.0
539,lonavla,18,28.0,40.0,1,65.0,134.0,0.7340805109999999,26.0,4408916.0,65912,2481.0
540,ponnur,3,28.0,25.0,1,99.0,114.0,0.549031032,22.0,237854.0,72166,2568.0
541,kagaznagar,3,29.0,28.0,0,85.0,128.0,0.746332683,30.0,126078.0,72095,2674.0
542,bhatapara,3,23.0,32.0,1,68.0,186.0,0.9559740520000001,16.0,6394.0,72037,2197.0
543,kandukur,3,26.0,28.0,1,82.0,161.0,0.037570063,24.0,237854.0,71672,2314.0
544,sangareddy,3,24.0,30.0,1,53.0,110.0,0.944622739,20.0,126078.0,71506,4023.0
545,unjha,3,29.0,29.0,0,70.0,135.0,0.686089081,26.0,284973.0,71500,2523.0
546,lunglei,17,25.0,8.0,0,74.0,171.0,0.6909565959999999,21.0,798.0,72632,2420.0
547,karimganj,4,23.0,11.0,1,72.0,127.0,0.7617937990000001,11.0,24720.0,72433,2068.0
548,kannur,3,29.0,28.0,2,93.0,124.0,0.676537862,30.0,977479.0,71143,2822.0
549,bobbili,3,23.0,34.0,0,81.0,107.0,0.27130672,29.0,237854.0,71138,2054.0
550,mokameh,3,23.0,25.0,0,55.0,185.0,0.35831682600000003,18.0,923737.0,70882,2123.0
551,talegaondabhade,18,25.0,27.0,2,85.0,152.0,0.672746415,16.0,4408916.0,64470,2178.0
552,anjangaon,18,26.0,31.0,2,68.0,142.0,0.475355277,22.0,4408916.0,64407,2288.0
553,mangrol,5,25.0,39.0,1,95.0,116.0,0.15031884,19.0,284973.0,71752,2158.0
554,sunam,5,28.0,27.0,1,90.0,168.0,0.00981844,21.0,242367.0,71664,2478.0
555,gangarampur,3,29.0,32.0,2,98.0,118.0,0.968341667,28.0,1489500.0,70332,2767.0
556,thiruvallur,3,24.0,39.0,1,59.0,174.0,0.644200039,26.0,4684707.0,70205,27416.0
557,pithoragarh,15,28.0,13.0,0,98.0,159.0,0.615071246,20.0,105882.0,71401,528.0
558,rath,4,23.0,26.0,2,76.0,127.0,0.517714775,25.0,3104060.0,71281,2006.0
559,jatani,3,25.0,38.0,1,90.0,149.0,0.67711028,20.0,66971.0,70019,2345.0
560,bellampalle,3,25.0,30.0,0,65.0,186.0,0.6820229240000001,21.0,126078.0,69913,2318.0
561,viramgam,3,28.0,27.0,0,98.0,101.0,0.866782171,26.0,284973.0,69889,2364.0
562,rajsamand,3,27.0,30.0,2,92.0,199.0,0.507690425,22.0,1475311.0,69720,2347.0
563,yanam,3,23.0,40.0,2,89.0,133.0,0.89280862,41.0,106153.0,69644,2351.0
564,kottayam,3,29.0,37.0,0,53.0,184.0,0.33750572700000003,24.0,977479.0,69329,2796.0
565,panruti,3,29.0,40.0,0,71.0,181.0,0.514405026,18.0,4684707.0,69293,2654.0
566,dhuri,18,25.0,30.0,2,76.0,172.0,0.848000602,28.0,242367.0,63087,2198.0
567,challakere,16,24.0,32.0,1,71.0,198.0,0.25525858,13.0,636502.0,70318,2252.0
568,namakkal,3,23.0,29.0,0,82.0,177.0,0.604340946,16.0,4684707.0,70255,3004.0
569,ramnagar,15,28.0,12.0,1,97.0,158.0,0.434889363,24.0,105882.0,69799,2330.0
570,sidhi,3,25.0,33.0,0,79.0,195.0,0.12980840400000002,17.0,421365.0,68023,2315.0
571,kasaragod,3,29.0,25.0,0,92.0,118.0,0.19476306899999998,26.0,977479.0,67824,2828.0
572,modasa,3,26.0,32.0,0,78.0,129.0,0.567413181,30.0,284973.0,67777,2187.0
573,rayadurg,3,26.0,25.0,0,68.0,138.0,0.5887201910000001,19.0,237854.0,67765,2411.0
574,supaul,3,25.0,27.0,0,52.0,121.0,0.755066336,28.0,923737.0,67715,2248.0
575,kunnamkulam,3,29.0,40.0,2,92.0,101.0,0.9175714979999999,11.0,977479.0,67698,2805.0
576,umred,18,23.0,30.0,1,99.0,115.0,0.21613014100000003,22.0,4408916.0,61655,2013.0
577,sibsagar,4,29.0,10.0,1,62.0,163.0,0.043736493,30.0,24720.0,68611,2605.0
578,mandidabwali,2,26.0,27.0,1,76.0,173.0,0.624482408,29.0,303118.0,59138,2161.0
579,ottappalam,3,31.0,26.0,0,77.0,182.0,0.085783353,18.0,977479.0,67348,2983.0
580,dumraon,20,28.0,27.0,0,79.0,165.0,0.68714453,17.0,923737.0,68310,2523.0
581,samalkot,3,28.0,27.0,1,99.0,188.0,0.310086639,18.0,237854.0,67110,2543.0
582,jaggaiahpet,3,26.0,30.0,1,88.0,121.0,0.018629651,19.0,237854.0,67020,2203.0
583,goalpara,4,26.0,30.0,1,62.0,121.0,0.408910954,10.0,24720.0,68070,2172.0
584,tuni,3,29.0,38.0,1,91.0,185.0,0.794995135,17.0,237854.0,66888,2535.0
585,lachhmangarh,3,29.0,36.0,1,50.0,194.0,0.894732467,27.0,1475311.0,66848,2460.0
586,bhongir,3,29.0,31.0,2,60.0,185.0,0.369702304,25.0,126078.0,66781,2689.0
587,amalapuram,3,26.0,38.0,0,67.0,188.0,0.760845943,30.0,237854.0,67817,2270.0
588,firozpurcantt,11,29.0,39.0,1,67.0,150.0,0.7040520290000001,22.0,242367.0,67776,2564.0
589,vikarabad,3,29.0,27.0,0,67.0,147.0,0.7154208479999999,13.0,126078.0,66536,891.0
590,manglaur,15,24.0,15.0,1,95.0,157.0,0.17767270100000002,19.0,105882.0,67485,1997.0
591,thiruvalla,3,29.0,26.0,0,85.0,116.0,0.028460162,27.0,977479.0,66210,2819.0
592,sherkot,4,25.0,25.0,2,57.0,186.0,0.496717003,20.0,3104060.0,67369,2205.0
593,palghar,18,23.0,40.0,1,82.0,199.0,0.593731977,20.0,4408916.0,60176,2001.0
594,shegaon,18,23.0,26.0,2,66.0,166.0,0.122788059,30.0,4408916.0,59887,2004.0
595,jangaon,3,25.0,26.0,1,77.0,187.0,0.9507816259999999,30.0,126078.0,65597,2310.0
596,bheemunipatnam,3,25.0,34.0,0,93.0,134.0,0.309234219,15.0,237854.0,65242,2270.0
597,panna,5,28.0,29.0,0,57.0,108.0,0.613013303,27.0,421365.0,66321,2554.0
598,thodupuzha,3,29.0,25.0,1,63.0,143.0,0.251821984,10.0,977479.0,65160,2816.0
599,kathua,18,26.0,8.0,1,66.0,193.0,0.26998998399999996,29.0,58568.0,59393,2359.0
600,palitana,3,27.0,33.0,1,81.0,148.0,0.918844915,11.0,284973.0,65035,2339.0
601,arwal,1,25.0,39.0,1,79.0,106.0,0.44022961200000005,12.0,923737.0,66056,2273.0
602,venkatagiri,3,25.0,37.0,1,79.0,100.0,0.548848711,17.0,237854.0,64739,2215.0
603,kalpi,15,26.0,34.0,2,90.0,110.0,0.4970691911143739,41.0,1457944.0,65828,2291.0
604,rajgarhchuru,5,26.0,26.0,0,91.0,124.0,0.340973762,13.0,1475311.0,65790,2260.0
605,sattenapalle,3,25.0,37.0,2,58.0,105.0,0.601696511,19.0,237854.0,64358,2238.0
606,arsikere,14,25.0,32.0,0,63.0,177.0,0.20587987,27.0,636502.0,65403,2305.0
607,ozar,9,28.0,37.0,1,90.0,123.0,0.48453468,11.0,4408916.0,65353,2434.0
608,thirumangalam,3,24.0,39.0,0,86.0,156.0,0.9585402040000001,24.0,4684707.0,64095,2208.0
609,petlad,3,27.0,26.0,1,52.0,136.0,0.27784501699999997,14.0,284973.0,64036,2306.0
610,srimadhopur,3,26.0,36.0,1,78.0,200.0,0.8949368320000001,28.0,1475311.0,63852,2265.0
611,nasirabad,11,26.0,26.0,2,65.0,171.0,0.296568956,21.0,1475311.0,64724,2275.0
612,phaltan,18,28.0,29.0,0,98.0,115.0,0.494838939,29.0,4408916.0,58033,2442.0
613,rampurhat,3,25.0,37.0,0,58.0,153.0,0.069665037,28.0,1489500.0,63368,2380.0
614,nanjangud,14,25.0,29.0,1,55.0,105.0,0.078071226,29.0,636502.0,64462,2338.0
615,jaspur,15,29.0,10.0,0,61.0,154.0,0.806658963,16.0,105882.0,64366,2465.0
616,forbesganj,3,25.0,28.0,2,90.0,168.0,0.85562404,25.0,923737.0,63195,2323.0
617,tundla,15,29.0,26.0,0,50.0,132.0,0.255181351,13.0,3104060.0,64239,2515.0
618,bhabua,1,26.0,28.0,2,80.0,101.0,0.28555061,12.0,923737.0,63928,2353.0
619,sagara,14,27.0,28.0,1,82.0,192.0,0.346714704,25.0,636502.0,63867,2536.0
620,pithapuram,3,29.0,25.0,1,57.0,133.0,0.318888338,10.0,237854.0,62729,2625.0
621,sira,14,24.0,40.0,2,76.0,133.0,0.18655670600000002,24.0,636502.0,63812,2216.0
622,bhadrachalam,9,28.0,28.0,1,90.0,194.0,0.274420279,23.0,126078.0,63811,2582.0
623,barbigha,1,28.0,25.0,0,83.0,171.0,0.083325814,29.0,923737.0,63802,2582.0
624,charkhidadri,15,26.0,39.0,0,85.0,191.0,0.593236668,29.0,303118.0,63681,2132.0
625,chatra,3,26.0,31.0,1,70.0,104.0,0.430781271,13.0,167785.0,62582,2351.0
626,palasakasibugga,1,25.0,39.0,2,71.0,151.0,0.765704446,28.0,237854.0,63571,2308.0
627,nohar,3,28.0,30.0,2,82.0,170.0,0.4970691911143739,20.0,1475311.0,62394,2378.0
628,yevla,18,28.0,25.0,2,65.0,102.0,0.624740622,23.0,4408916.0,56920,2478.0
629,sirhindfatehgarhsahib,18,26.0,40.0,2,65.0,142.0,0.806127943,23.0,242367.0,56918,2265.0
630,bhainsa,3,28.0,25.0,0,85.0,106.0,0.12325973400000001,10.0,126078.0,62305,2571.0
631,parvathipuram,3,29.0,33.0,0,72.0,174.0,0.914351998,22.0,237854.0,62242,2584.0
632,shahade,18,27.0,37.0,1,71.0,153.0,0.059035819,16.0,4408916.0,56771,2390.0
633,chalakudy,3,29.0,34.0,0,69.0,132.0,0.879425171,23.0,977479.0,62006,2805.0
634,narkatiaganj,10,25.0,35.0,1,64.0,118.0,0.641151035,11.0,923737.0,63072,2305.0
635,kapadvanj,3,27.0,30.0,0,53.0,106.0,0.295148097,28.0,284973.0,61733,2322.0
636,macherla,3,26.0,30.0,0,94.0,167.0,0.23641928899999998,21.0,237854.0,61625,2307.0
637,raghogarhvijaypur,3,24.0,29.0,1,59.0,181.0,0.6222181689999999,29.0,421365.0,61565,2213.0
638,rupnagar,18,23.0,33.0,0,92.0,180.0,0.020325433,17.0,242367.0,56158,2052.0
639,naugachhia,1,28.0,30.0,0,58.0,138.0,0.788243345,10.0,923737.0,62514,2537.0
640,sendhwa,3,23.0,26.0,1,91.0,157.0,0.116238831,23.0,421365.0,61274,2132.0
641,byasanagar,3,27.0,31.0,0,83.0,105.0,0.101491167,23.0,66971.0,61237,2568.0
642,sandila,4,24.0,30.0,0,96.0,125.0,0.527589944,12.0,3104060.0,62297,2076.0
643,gooty,9,28.0,40.0,0,96.0,176.0,0.597466675,27.0,237854.0,61990,2602.0
644,salur,3,29.0,39.0,2,54.0,194.0,0.18258742600000002,20.0,237854.0,60540,2581.0
645,nanpara,15,23.0,37.0,1,66.0,128.0,0.490544094,12.0,3104060.0,61581,2027.0
646,sardhana,4,27.0,25.0,0,73.0,105.0,0.552334037,11.0,3104060.0,61552,2379.0
647,vita,18,25.0,34.0,0,61.0,104.0,0.7579014279999999,13.0,4408916.0,55164,2188.0
648,gumia,9,27.0,40.0,1,51.0,132.0,0.675552545,15.0,167785.0,61332,2428.0
649,puttur,14,24.0,26.0,2,75.0,156.0,0.9428703540000001,26.0,636502.0,61242,2223.0
650,jalandharcantt,11,24.0,30.0,1,92.0,165.0,0.513373935,15.0,242367.0,60955,2081.0
651,nehtaur,15,23.0,38.0,1,80.0,165.0,0.161089815,24.0,3104060.0,60941,2029.0
652,changanassery,3,29.0,40.0,1,95.0,187.0,0.976226009,29.0,977479.0,59702,2808.0
653,mandapeta,3,29.0,30.0,0,65.0,191.0,0.481219213,27.0,237854.0,59643,2642.0
654,dumka,20,27.0,29.0,1,57.0,189.0,0.544042185,28.0,167785.0,60623,2409.0
655,seohara,5,26.0,33.0,1,79.0,116.0,0.251640073,29.0,3104060.0,60610,2252.0
656,umarkhed,18,28.0,34.0,2,90.0,121.0,0.8287402140000001,13.0,4408916.0,54214,2450.0
657,madhupur,3,26.0,36.0,0,88.0,116.0,0.495275766,10.0,167785.0,59252,2353.0
658,rairangpur,3,24.0,31.0,0,59.0,153.0,0.608765386,12.0,66971.0,59212,2276.0
659,vikramasingapuram,3,27.0,39.0,0,92.0,129.0,0.612441576,25.0,4684707.0,59146,2430.0
660,punalur,3,28.0,40.0,0,52.0,185.0,0.299304894,20.0,977479.0,59138,2739.0
661,kendrapara,3,26.0,33.0,2,70.0,143.0,0.6288302370000001,23.0,66971.0,58852,2460.0
662,sihor,3,27.0,26.0,1,94.0,134.0,0.8946142690000001,13.0,284973.0,58794,2279.0
663,nellikuppam,3,25.0,32.0,2,64.0,170.0,0.20294495399999998,12.0,4684707.0,53324,2295.0
664,samana,18,26.0,27.0,1,90.0,128.0,0.65256477,20.0,242367.0,53225,2257.0
665,warora,18,26.0,30.0,1,96.0,134.0,0.700051375,26.0,4408916.0,59282,2230.0
666,nilambur,9,28.0,25.0,2,53.0,125.0,0.397136362,22.0,977479.0,59071,2722.0
667,rasipuram,3,28.0,31.0,0,73.0,176.0,0.740966362,15.0,4684707.0,59025,2576.0
668,ramnagar,4,24.0,5.0,2,89.0,193.0,0.578552924,26.0,105882.0,58865,2012.0
669,jammalamadugu,1,28.0,25.0,1,100.0,175.0,0.611223515,18.0,237854.0,58692,2490.0
670,nawanshahr,18,26.0,35.0,0,97.0,117.0,0.862007849,26.0,242367.0,52577,2335.0
671,thoubal,18,25.0,15.0,2,76.0,194.0,0.617680449,21.0,3260.0,52489,2445.0
672,attili,3,23.0,28.0,0,93.0,175.0,0.748041928,10.0,237854.0,57415,2082.0
673,athni,14,23.0,32.0,0,52.0,170.0,0.17004477,16.0,636502.0,58423,2155.0
674,cherthala,3,30.0,32.0,1,61.0,189.0,0.213464878,30.0,977479.0,57376,2877.0
675,farooqnagar,9,27.0,38.0,0,69.0,174.0,0.095522145,22.0,126078.0,58190,2487.0
676,peddapuram,3,23.0,38.0,0,88.0,177.0,0.08925847,30.0,237854.0,56991,2089.0
677,chirkunda,1,23.0,40.0,1,99.0,150.0,0.402740007,30.0,167785.0,57978,2089.0
678,pachora,18,29.0,35.0,2,70.0,115.0,0.724296425,17.0,4408916.0,51787,2538.0
679,madhepura,3,27.0,28.0,1,62.0,157.0,0.961622366,20.0,923737.0,56378,2449.0
680,tumsar,18,25.0,30.0,1,66.0,151.0,0.238068187,20.0,4408916.0,51257,2180.0
681,phalodi,5,27.0,34.0,1,99.0,110.0,0.295191999,22.0,1475311.0,57162,2306.0
682,tiruttani,3,27.0,37.0,2,81.0,129.0,0.55890329,17.0,4684707.0,56066,2474.0
683,rampuraphul,5,25.0,29.0,0,87.0,145.0,0.788265337,26.0,242367.0,56903,2200.0
684,perinthalmanna,3,30.0,30.0,2,60.0,175.0,0.533865433,11.0,977479.0,55854,2910.0
685,sainthia,3,29.0,26.0,0,83.0,178.0,0.21164818,21.0,1489500.0,55840,2741.0
686,angul,3,24.0,29.0,2,94.0,113.0,0.887143701,27.0,66971.0,55576,2278.0
687,padrauna,4,27.0,32.0,1,93.0,102.0,0.787345119,15.0,3104060.0,56544,2360.0
688,dallirajhara,3,25.0,29.0,0,74.0,140.0,0.8242647809999999,23.0,6394.0,55543,2430.0
689,punganur,1,29.0,30.0,1,95.0,105.0,0.990019402,10.0,237854.0,56457,2555.0
690,mattannur,3,30.0,39.0,2,55.0,181.0,0.165307014,24.0,977479.0,55480,2892.0
691,thakurdwara,15,25.0,32.0,1,79.0,163.0,0.211555983,12.0,3104060.0,56381,2193.0
692,nandivaramguduvancheri,13,28.0,32.0,0,80.0,122.0,0.025790222999999998,30.0,4684707.0,56181,2534.0
693,mulbagal,14,25.0,30.0,2,77.0,149.0,0.961020889,29.0,636502.0,56098,2383.0
694,manjlegaon,18,26.0,37.0,1,56.0,165.0,0.7470740490000001,28.0,4408916.0,50298,2268.0
695,wankaner,3,25.0,26.0,0,75.0,168.0,0.204682613,16.0,284973.0,54939,2143.0
696,sillod,18,28.0,39.0,0,50.0,118.0,0.213918405,11.0,4408916.0,50112,2431.0
697,nidadavole,3,24.0,30.0,0,65.0,195.0,0.796102745,17.0,237854.0,54849,2228.0
698,surapura,14,24.0,30.0,1,99.0,109.0,0.658381814,28.0,636502.0,55575,2285.0
699,rajagangapur,3,23.0,26.0,0,61.0,170.0,0.950256678,11.0,66971.0,54580,2188.0
700,sheikhpura,3,27.0,35.0,2,59.0,139.0,0.008755665,19.0,923737.0,53977,2479.0
701,parlakhemundi,3,25.0,31.0,0,73.0,128.0,0.75084128,21.0,66971.0,53958,2353.0
702,kalimpong,3,26.0,27.0,2,91.0,199.0,0.65125961,26.0,1489500.0,53834,579.0
703,siruguppa,13,23.0,35.0,1,80.0,178.0,0.751123997,20.0,636502.0,54679,2116.0
704,arvi,18,27.0,35.0,2,57.0,105.0,0.9677243440000001,28.0,4408916.0,48919,2387.0
705,limbdi,3,26.0,39.0,0,98.0,166.0,0.36520856700000004,10.0,284973.0,53547,2247.0
706,barpeta,4,29.0,8.0,0,55.0,186.0,0.158530176,17.0,24720.0,54334,2596.0
707,repalle,3,23.0,27.0,0,54.0,157.0,0.507003555,24.0,237854.0,53259,2137.0
708,mudhol,14,27.0,31.0,1,71.0,172.0,0.026749057000000003,21.0,636502.0,54096,2490.0
709,shujalpur,3,28.0,35.0,1,70.0,100.0,0.962508237,26.0,421365.0,53162,2576.0
710,mandvi,3,24.0,31.0,1,54.0,169.0,0.219438567,11.0,284973.0,53029,2052.0
711,thangadh,3,28.0,40.0,1,71.0,197.0,0.742232436,28.0,284973.0,53024,2406.0
712,sironj,3,25.0,40.0,0,87.0,154.0,0.7859246040000001,21.0,421365.0,52808,2323.0
713,nandura,18,26.0,29.0,1,99.0,142.0,0.756911798,18.0,4408916.0,48170,2320.0
714,shoranur,3,30.0,37.0,2,51.0,108.0,0.82166313,29.0,977479.0,52620,2895.0
715,nathdwara,3,28.0,28.0,1,86.0,153.0,0.409254076,10.0,1475311.0,52604,2389.0
716,periyakulam,3,28.0,25.0,0,91.0,160.0,0.9443162979999999,29.0,4684707.0,52599,2548.0
717,golaghat,4,28.0,9.0,2,69.0,186.0,0.446131049,20.0,24720.0,53494,2467.0
718,kichha,15,26.0,5.0,1,79.0,133.0,0.535216793,10.0,105882.0,53463,2216.0
719,sultanganj,12,27.0,25.0,1,61.0,165.0,0.275660854,26.0,923737.0,53455,2430.0
720,medak,1,24.0,34.0,2,76.0,198.0,0.218067838,11.0,126078.0,53438,2204.0
721,barauli,15,24.0,28.0,0,66.0,163.0,0.038863212,28.0,923737.0,53351,2175.0
722,narayanpet,1,29.0,25.0,2,59.0,171.0,0.19616425899999998,26.0,126078.0,53193,2671.0
723,raxaulbazar,3,27.0,36.0,1,91.0,131.0,0.628509937,23.0,923737.0,52096,2447.0
724,rajauri,20,23.0,11.0,2,71.0,126.0,0.999773715,30.0,58568.0,52937,2045.0
725,pernampattu,13,23.0,38.0,2,56.0,173.0,0.7944600059999999,26.0,4684707.0,52870,2103.0
726,nainital,15,29.0,12.0,2,61.0,120.0,0.749081758,20.0,105882.0,52715,3695.0
727,ramachandrapuram,3,28.0,32.0,0,62.0,149.0,0.852011362,21.0,237854.0,51796,2506.0
728,vaijapur,18,27.0,33.0,2,79.0,145.0,0.69584184,14.0,4408916.0,47175,2398.0
729,nangal,18,23.0,31.0,0,96.0,150.0,0.4970691911143739,21.0,242367.0,47166,2027.0
730,sidlaghatta,14,25.0,28.0,1,96.0,150.0,0.4970691911143739,30.0,636502.0,52575,2320.0
731,poonch,4,24.0,12.0,0,96.0,150.0,0.4970691911143739,13.0,58568.0,52559,2184.0
732,pandhurna,3,24.0,25.0,1,96.0,150.0,0.4970691911143739,10.0,421365.0,51639,2228.0
733,wadgaonroad,9,29.0,38.0,2,96.0,150.0,0.4970691911143739,10.0,4408916.0,52101,2587.0
734,talcher,3,29.0,40.0,1,90.0,179.0,0.28263208300000003,15.0,66971.0,51147,2784.0
735,varkala,3,31.0,37.0,0,89.0,140.0,0.529044518,12.0,977479.0,51031,3007.0
736,pilani,5,24.0,40.0,1,63.0,117.0,0.304175121,13.0,1475311.0,51724,2064.0
737,nowgong,3,27.0,35.0,0,56.0,164.0,0.28941782899999996,18.0,421365.0,50806,2487.0
738,nailajanjgir,3,29.0,37.0,1,61.0,130.0,0.920207179,17.0,6394.0,50783,2810.0
739,mapusa,18,29.0,31.0,2,82.0,126.0,0.152645746,10.0,541480.0,46251,2808.0
740,vellakoil,3,26.0,29.0,0,63.0,139.0,0.8316471529999999,29.0,4684707.0,50530,2369.0
741,mertacity,3,29.0,37.0,2,66.0,116.0,0.850059769,28.0,1475311.0,50396,2535.0
742,sivaganga,5,28.0,28.0,1,87.0,176.0,0.407371398,20.0,4684707.0,51240,2520.0
743,sailu,18,23.0,26.0,0,88.0,164.0,0.565375183,11.0,4408916.0,45524,2029.0
744,vyara,3,24.0,36.0,2,88.0,108.0,0.621894044,12.0,284973.0,49816,2069.0
745,kovvur,3,26.0,38.0,2,90.0,188.0,0.930756202,16.0,237854.0,49664,2281.0
746,vadalur,13,26.0,31.0,2,69.0,168.0,0.452104746,29.0,4684707.0,50340,2372.0
747,nawabganj,15,27.0,28.0,2,72.0,157.0,0.9934397779999999,21.0,3104060.0,49993,2325.0
748,padra,5,23.0,37.0,2,54.0,158.0,0.569810747,14.0,284973.0,49947,1985.0
749,siana,4,25.0,25.0,1,59.0,102.0,0.23917532600000002,29.0,3104060.0,49685,2163.0
750,shahpur,14,25.0,40.0,0,61.0,192.0,0.519548065,24.0,636502.0,49568,2320.0
751,sojat,3,27.0,38.0,2,82.0,156.0,0.040447348,26.0,1475311.0,48681,2287.0
752,noorpur,15,26.0,35.0,2,50.0,102.0,0.403028536,14.0,3104060.0,49438,2301.0
753,paravoor,3,30.0,29.0,1,89.0,199.0,0.348456524,11.0,977479.0,48392,2886.0
754,ramnagar,12,29.0,29.0,2,66.0,145.0,0.701767644,12.0,923737.0,49118,2622.0
755,murtijapur,18,28.0,27.0,0,100.0,158.0,0.735418685,24.0,4408916.0,44043,2431.0
756,sundargarh,3,24.0,32.0,0,89.0,167.0,0.276284886,11.0,66971.0,48103,2254.0
757,taki,3,27.0,39.0,0,53.0,117.0,0.9155992559999999,26.0,1489500.0,47905,2590.0
758,saundattiyellamma,14,24.0,38.0,1,87.0,112.0,0.831627865,12.0,636502.0,48610,2213.0
759,pathanamthitta,3,28.0,35.0,1,55.0,134.0,0.194197024,21.0,977479.0,47587,2694.0
760,wadi,14,26.0,32.0,1,63.0,115.0,0.752732573,26.0,636502.0,48396,2403.0
761,rameshwaram,13,24.0,37.0,0,94.0,127.0,0.469445238,16.0,4684707.0,48371,2199.0
762,gowribidanur,16,29.0,26.0,1,94.0,198.0,0.357719215,20.0,636502.0,48344,2683.0
763,tasgaon,18,29.0,35.0,2,90.0,177.0,0.389510666,11.0,4408916.0,43347,2584.0
764,sikandrarao,4,26.0,27.0,2,73.0,149.0,0.106637455,28.0,3104060.0,48333,2270.0
765,sihora,3,29.0,32.0,0,79.0,173.0,0.998756995,25.0,421365.0,47414,2648.0
766,tiruvuru,3,24.0,27.0,2,66.0,164.0,0.7879152340000001,27.0,237854.0,47328,2170.0
767,tiruvethipuram,3,29.0,26.0,0,92.0,119.0,0.39526108299999996,13.0,4684707.0,47328,2628.0
768,mehkar,18,23.0,31.0,0,77.0,182.0,0.9693944309999999,10.0,4408916.0,43085,2052.0
769,peringathur,9,31.0,25.0,0,100.0,138.0,0.177049548,18.0,977479.0,48028,2995.0
770,perambalur,13,26.0,31.0,0,70.0,154.0,0.848290911,29.0,4684707.0,47942,2390.0
771,manvi,14,24.0,37.0,0,95.0,144.0,0.858662985,15.0,636502.0,47919,2208.0
772,pattamundai,3,28.0,39.0,1,76.0,144.0,0.28833669,18.0,66971.0,46984,2649.0
773,zunheboto,6,29.0,15.0,0,91.0,144.0,0.14167686300000001,13.0,2769.0,47708,2697.0
774,kanigiri,3,28.0,33.0,1,66.0,173.0,0.9991855279999999,30.0,237854.0,46850,2532.0
775,mahnarbazar,3,28.0,29.0,0,54.0,194.0,0.018441979,25.0,923737.0,46787,2554.0
776,attingal,3,31.0,37.0,0,75.0,134.0,0.646359902,16.0,977479.0,46758,3023.0
777,shahbad,2,24.0,33.0,1,77.0,171.0,0.789984364,28.0,303118.0,40981,1988.0
778,puranpur,4,28.0,35.0,1,66.0,195.0,0.378812014,12.0,3104060.0,47434,2478.0
779,nelamangala,14,24.0,34.0,1,78.0,134.0,0.38226519700000006,19.0,636502.0,47433,2232.0
780,lalganj,20,29.0,36.0,2,54.0,168.0,0.289709096,19.0,923737.0,47138,2663.0
781,nakodar,18,26.0,31.0,2,61.0,171.0,0.265889583,14.0,242367.0,42236,2268.0
782,lunawada,3,23.0,28.0,1,68.0,103.0,0.03528047,19.0,284973.0,46266,1944.0
783,murshidabad,3,23.0,36.0,1,62.0,136.0,0.056393596,22.0,1489500.0,46258,2172.0
784,mahe,3,28.0,28.0,0,98.0,138.0,0.06675218,27.0,106153.0,46108,2851.0
785,lanka,4,24.0,6.0,1,63.0,145.0,0.627555634,15.0,24720.0,46889,2158.0
786,rudauli,4,25.0,37.0,0,51.0,181.0,0.313383263,30.0,3104060.0,46853,2220.0
